trip_number,location,next_location,dropoff_series,dropoff_status,vehicle_plate_no,month,day
7300108519,8174 BCFG DC Pinagbuhatan,SUPER GROCERS INC. - TAYUMAN,1,Scheduled,TJQ 712,11,7
7300108519,SUPER GROCERS INC. - TAYUMAN,SUPER GROCERS INC. - OLD STA MESA,2,Scheduled,TJQ 712,11,7
7300108519,SUPER GROCERS INC. - OLD STA MESA,SUPER GROCERS INC. - P. FLORENTINO,3,Scheduled,TJQ 712,11,7
7300108519,SUPER GROCERS INC. - P. FLORENTINO,SUPER GROCERS INC. - KALENTONG,4,Scheduled,TJQ 712,11,7
7300108519,SUPER GROCERS INC. - KALENTONG,SUPER GROCERS INC. - BONI,5,Scheduled,TJQ 712,11,7
7300108519,SUPER GROCERS INC. - BONI,SUPER GROCERS INC. - BAMBANG,6,Scheduled,TJQ 712,11,7
7300108519,SUPER GROCERS INC. - BAMBANG,SUPER GROCERS INC. - STA. ANA,7,Scheduled,TJQ 712,11,7
7300108522,8174 BCFG DC Pinagbuhatan,SUPER GROCERS INC. - PROJECT 8,1,Scheduled,AFA 8008,11,7
7300108522,SUPER GROCERS INC. - PROJECT 8,SUPER GROCERS INC. - NOVALICHES,2,Scheduled,AFA 8008,11,7
7300108522,SUPER GROCERS INC. - NOVALICHES,SUPER GROCERS INC. - TALIPAPA NOVA,3,Scheduled,AFA 8008,11,7
7300108522,SUPER GROCERS INC. - TALIPAPA NOVA,SUPER GROCERS INC. - FOREST HILLS,4,Scheduled,AFA 8008,11,7
7300108522,SUPER GROCERS INC. - FOREST HILLS,SUPER GROCERS INC. - VETERANS VILL.,5,Scheduled,AFA 8008,11,7
7300114803,8420 South Mega DC,SUPER SM - PILI CAMSUR DEPOT,1,Scheduled,NBH7516,11,16
7300114803,SUPER SM - PILI CAMSUR DEPOT,SANFORD MARKETING - PILI,2,Scheduled,NBH7516,11,16
7300114803,SANFORD MARKETING - PILI,SANFORD MARKETING - PILI CAMSUR DEP,3,Scheduled,NBH7516,11,16
7300114803,SANFORD MARKETING - PILI CAMSUR DEP,SUPERVALUE - PILI CAMSUR DEPOT,4,Scheduled,NBH7516,11,16
7300096713,8080 BCFG Canlubang,8110 BCFG Cavite,0,Scheduled,NBE6625,11,7
7300096713,8110 BCFG Cavite,BICOL EXCL'T SLS & TRADING-LEGASPI,1,Scheduled,NBE6625,11,7
7300100999,8420 South Mega DC,SANFORD MARKETING - BANLIC DEPOT,1,Completed,AAW 2546,11,9
7300100999,SANFORD MARKETING - BANLIC DEPOT,SUPERVALUE - BANLIC DEPOT,2,Completed,AAW 2546,11,9
7300101669,8420 South Mega DC,WALTERMART SUPERMARKET - CARMONA,2,Scheduled,BDG 8369,11,10
7300101669,WALTERMART SUPERMARKET - CARMONA,WALTERMART SUPERMARKET - DEPOT,1,Scheduled,BDG 8369,11,10
7300104553,8330 BCFG GMA MEGA DC,SUPER SM - MAKATI,1,Scheduled,NEG 1011,11,12
7300104553,SUPER SM - MAKATI,"SM MART, INC. - SM MAKATI",2,Scheduled,NEG 1011,11,12
7300104904,8330 BCFG GMA MEGA DC,SUPERVALUE - NORTH EDSA,1,Scheduled,APA 4895,11,12
7300104904,SUPERVALUE - NORTH EDSA,"SM MART, INC. - SM NORTH EDSA",2,Scheduled,APA 4895,11,12
7300107944,8070 BCFG Calamba,DMAYA PLUS ENTERPRISES-ISABELA,1,Scheduled,ABK 1717,11,11
7300107944,DMAYA PLUS ENTERPRISES-ISABELA,DMAYA PLUS ENTERPRISES-BAYOMBONG,2,Scheduled,ABK 1717,11,11
7300109460,8420 South Mega DC,SANFORD MARKETING - LESGAPI 2,1,Scheduled,RNE345,11,16
7300109460,SANFORD MARKETING - LESGAPI 2,SUPERVALUE - LEGAZPI,2,Scheduled,RNE345,11,16
7300110537,8050 BCFG Pampanga,CSI WHSE CLUB INC/CSI CITY MAIN,2,Scheduled,CAE4687,11,12
7300110537,CSI WHSE CLUB INC/CSI CITY MAIN,CSI MAIN,1,Scheduled,CAE4687,11,12
7300110709,8420 South Mega DC,MARKET STRATEGIC FIRM - SM CALAMBA,2,Scheduled,CAI2402,11,14
7300110709,MARKET STRATEGIC FIRM - SM CALAMBA,SUPERVALUE - CALAMBA,1,Scheduled,CAI2402,11,14
7300110739,8420 South Mega DC,MLA SOUTHERN ASS. INC. - SM ROSARIO,2,Scheduled,ACL2001,11,14
7300110739,MLA SOUTHERN ASS. INC. - SM ROSARIO,SUPERVALUE - ROSARIO CAVITE,1,Scheduled,ACL2001,11,14
7300110768,8090 BCFG San Pablo,DMAYA PLUS ENTERPRISES-ISABELA,2,Scheduled,BVU245,11,10
7300110768,DMAYA PLUS ENTERPRISES-ISABELA,DMAYA PLUS ENTERPRISES-BAYOMBONG,1,Scheduled,BVU245,11,10
7300111056,8070 BCFG Calamba,LAOAG SOLID 8 - CANDON,2,Scheduled,NBQ2185,11,14
7300111056,LAOAG SOLID 8 - CANDON,LAOAG SOLID 8 - LAOAG,1,Scheduled,NBQ2185,11,14
7300111429,8174 BCFG DC Pinagbuhatan,KAREILA MANAGEMENT - FORT,1,Scheduled,TGH 907,11,10
7300111429,KAREILA MANAGEMENT - FORT,KAREILA MANAGEMENT - C5 LIBIS,2,Scheduled,TGH 907,11,10
7300112630,8080 BCFG Canlubang,DMAYA PLUS ENTERPRISES-ISABELA,1,Scheduled,ALA 8129,11,12
7300112630,DMAYA PLUS ENTERPRISES-ISABELA,DMAYA PLUS ENTERPRISES-BAYOMBONG,2,Scheduled,ALA 8129,11,12
7300112741,8080 BCFG Canlubang,LAOAG SOLID 8 - BANTAY,2,Scheduled,CAO2980,11,7
7300112741,LAOAG SOLID 8 - BANTAY,LAOAG SOLID 8 - CANDON,1,Scheduled,CAO2980,11,7
7300113252,8420 South Mega DC,SUPERVALUE - LIPA,1,Scheduled,CCO 5779,11,14
7300113252,SUPERVALUE - LIPA,MERIDIEN BUSINESS LEADER - SM LIPA,2,Scheduled,CCO 5779,11,14
7300113265,8420 South Mega DC,SUPERVALUE - STA. ROSA,1,Scheduled,ABX 7380,11,14
7300113265,SUPERVALUE - STA. ROSA,METRO MLA SHOPPING MECCA - SM STA.,2,Scheduled,ABX 7380,11,14
7300113382,8420 South Mega DC,SUPERVALUE - TRECE MARTIRES,1,Scheduled,MV474197,11,14
7300113382,SUPERVALUE - TRECE MARTIRES,METRO MAIN STAR ASIA - SM TRECE MAR,2,Scheduled,MV474197,11,14
7300114762,8420 South Mega DC,SANFORD MARKETING - BACACAY,1,Scheduled,CAL2655,11,16
7300114762,SANFORD MARKETING - BACACAY,SAVEMORE - SORSOGON 2,2,Scheduled,CAL2655,11,16
7300115421,8050 BCFG Pampanga,PEOPLE'S DIST. SYSTEM CORP.- MILAOR,1,Scheduled,CCO8153,10,28
7300115421,PEOPLE'S DIST. SYSTEM CORP.- MILAOR,PEOPLE'S DIST. SYSTEM CORP.-DAET,2,Scheduled,CCO8153,10,28
7300115744,8070 BCFG Calamba,KIMBERLIN ENTERPRISES - UGAC,1,Scheduled,BVW 308,11,19
7300115744,KIMBERLIN ENTERPRISES - UGAC,KIMBERLIN ENTERPRISES - CAUAYAN,2,Scheduled,BVW 308,11,19
7300085294,8420 South Mega DC,PUREGOLD PRICE CLUB - CUTA BATANGAS,1,Scheduled,BDG 8369,10,31
7300088424,8420 South Mega DC,PUREGOLD PRICE CLUB - SAN PABLO EXT,1,Scheduled,NDM8923,11,3
7300088425,8420 South Mega DC,PUREGOLD PRICE CLUB- BROOKSIDE LANE,1,Scheduled,ICL1438,11,3
7300089380,8420 South Mega DC,PUREGOLD PRICE CLUB-STO TOMAS BAT,1,Scheduled,MV474200,11,3
7300090236,8420 South Mega DC,PUREGOLD PRICE CLUB - CALICANTO,1,Scheduled,BDG 4702,11,4
7300090238,8420 South Mega DC,PUREGOLD PRICE CLUB - CANDELARIA,1,Scheduled,AWA4353,11,4
7300090240,8420 South Mega DC,PUREGOLD PRICE CLUB - CARMONA,1,Scheduled,NEG4288,11,3
7300090242,8420 South Mega DC,PUREGOLD PRICE CLUB - MOLINO TOWN C,1,Scheduled,NDM8923,11,4
7300090512,8420 South Mega DC,PUREGOLD PRICE CLUB - TIAONG,1,Scheduled,MV904010,11,4
7300090642,8420 South Mega DC,PUREGOLD PRICE CLUB -GEN TRIAS EXTR,1,Scheduled,MV477093,10,28
7300093052,8420 South Mega DC,ULTRA MEGA MULTI SALES PALIPARAN,1,Scheduled,ABC 7653,11,6
7300093083,8420 South Mega DC,ULTRAMEGA MULTI SALES - CANLUBANG 2,1,Scheduled,RJH523,10,23
7300094735,8420 South Mega DC,SUY SING COMMERCIAL-MEYCAUAYAN BUL.,1,Scheduled,CAJ5897,11,11
7300095579,8420 South Mega DC,HEALTHYFOOD AND SNACKS DIST - GEN T,1,Scheduled,ACO 2549,11,9
7300095837,8174 BCFG DC Pinagbuhatan,CHIC CENTRE CORPORATION,1,Scheduled,ABD 1149,11,10
7300096038,8050 BCFG Pampanga,8410 North Mega DC,1,Scheduled,NBQ9283,10,22
7300096332,8174 BCFG DC Pinagbuhatan,PUREGOLD PRICE CLUB - DIVISORIA,1,Scheduled,NAZ 1370,11,7
7300096336,8174 BCFG DC Pinagbuhatan,PUREGOLD PRICE CLUB - ESPANA,1,Scheduled,TLK 864,11,10
7300096343,8174 BCFG DC Pinagbuhatan,PUREGOLD PRICE CLUB - MALATE,1,Scheduled,UVX389,11,14
7300096367,8174 BCFG DC Pinagbuhatan,PUREGOLD PRICE CLUB - PACO,1,Scheduled,NCK 4839,11,16
7300096698,8080 BCFG Canlubang,BICOL EXCL'T SLS & TRADING-SORSOGON,1,Scheduled,NBE6625,11,7
7300096709,8174 BCFG DC Pinagbuhatan,SUPER 8 GROCERY WAREHOUSE - BALINTA,1,Scheduled,UIG 909,11,10
7300096711,8420 South Mega DC,PUREGOLD PRICE CLUB - ANABU,1,Scheduled,BUL 6640,11,7
7300096814,8420 South Mega DC,PUREGOLD PRICE CLUB - CABUYAO JR,1,Scheduled,ACL2001,11,7
7300096921,8420 South Mega DC,PUREGOLD PRICE CLUB - CANLUBANG JR,1,Scheduled,BDG 8369,10,24
7300097027,8420 South Mega DC,PUREGOLD PRICE CLUB - MOLINO,1,Scheduled,CBJ1275,11,6
7300097043,8420 South Mega DC,PUREGOLD PRICE CLUB - CALAUAN,1,Scheduled,CAE 5627,11,7
7300097062,8420 South Mega DC,PUREGOLD PRICE CLUB - LOS BANOS JR,1,Scheduled,CBJ1276,10,29
7300097206,8420 South Mega DC,PUREGOLD PRICE CLUB - NOVELETA,1,Scheduled,MV904010,11,7
7300097252,8420 South Mega DC,PUREGOLD PRICE CLUB - PACITA COMPLE,1,Scheduled,PQO 981,11,7
7300097404,8420 South Mega DC,"MATRIX MASTER MKTG., INC. - LOWER L",1,Scheduled,CAM5109,11,11
7300097479,8420 South Mega DC,PUREGOLD PRICE CLUB - SAN JUAN BATS,1,Scheduled,NEG4288,11,7
7300097533,8420 South Mega DC,"MATRIX MASTER MKTG., INC.-SAN PABLO",1,Scheduled,CAL4552,11,4
7300097564,8174 BCFG DC Pinagbuhatan,SUPER 8 GROCERY WAREHOUSE - SUCAT 2,1,Scheduled,UVX429,11,10
7300097733,8420 South Mega DC,SALESFORCE ONE MKTG INC. -SAN JOSE2,1,Scheduled,UYE 689,11,11
7300097756,8174 BCFG DC Pinagbuhatan,SUPER 8 GROCERY WAREHOUSE-SHAW,1,Scheduled,ABC 7414,11,10
7300097776,8420 South Mega DC,PUREGOLD PRICE CLUB - STA. CRUZ LAG,1,Scheduled,CAQ 7736,11,5
7300097794,8420 South Mega DC,PUREGOLD PRICE CLUB - STA. ROSA BAY,1,Scheduled,ICL1438,11,5
7300097802,8420 South Mega DC,PUREGOLD PRICE CLUB - TANAUAN,1,Scheduled,MV474197,11,10
7300097824,8420 South Mega DC,PUREGOLD PRICE CLUB-ROSARIO BATANGA,1,Scheduled,BUL 4972,11,7
7300097833,8420 South Mega DC,PUREGOLD PRICE CLUB-TRECE TOWER MAL,1,Scheduled,NDM6150,11,7
7300097836,8420 South Mega DC,ROBINSONS SUPERMARKET- RH RP STA. R,1,Scheduled,CAB5616,11,7
7300097849,8420 South Mega DC,ROBINSONS SUPERMARKET- RH RP DASMAR,1,Scheduled,CBJ1599,11,7
7300098029,8420 South Mega DC,SUPER 8 GROCERY WAREHOUSE - CANLUBA,1,Scheduled,AAT 4070,11,18
7300098346,8420 South Mega DC,PUREGOLD PRICE CLUB - KAWIT,1,Scheduled,CAB5616,11,10
7300098504,8180 BCFG San Pedro 2,8420 South Mega DC,1,Scheduled,ABK7856,11,12
7300098970,8174 BCFG DC Pinagbuhatan,SUPER 8 GROCERY WAREHOUSE - ERMIN G,1,Scheduled,IAB2018,11,10
7300099007,8070 BCFG Calamba,OCAMPO'S MARKETING INC.-SAN MIGUEL,1,Scheduled,ABK 4926,11,7
7300099034,8174 BCFG DC Pinagbuhatan,SUPER 8 GROCERY WAREHOUSE-BACLARAN,1,Scheduled,TGH 907,11,10
7300099076,8020 BCFG MCD,OCAMPO'S MARKETING INC.-SAN AGUSTIN,1,Scheduled,CAE4753,11,5
7300099088,8174 BCFG DC Pinagbuhatan,SUPER 8 GROCERY WAREHOUSE-COMMONWEA,1,Scheduled,AWA 6082,11,10
7300099101,8090 BCFG San Pablo,"MATRIX MASTER MKTG., INC.-SAN PABLO",1,Completed,ALA 9170,11,11
7300099102,8174 BCFG DC Pinagbuhatan,SUPER 8 GROCERY WAREHOUSE-ORTIGAS,1,Scheduled,RLC 232,11,10
7300099284,8174 BCFG DC Pinagbuhatan,SUPER 8 GROCERY WAREHOUSE - CALOOCA,1,Scheduled,AWA 7483,11,10
7300099317,8174 BCFG DC Pinagbuhatan,SUPER 8 GROCERY WAREHOUSE - MORONG,1,Scheduled,THH 460,11,10
7300099375,8174 BCFG DC Pinagbuhatan,SUPER 8 GROCERY WAREHOUSE - VALENZU,1,Scheduled,ADK 3368,11,10
7300100160,8020 BCFG MCD,8330 BCFG GMA MEGA DC,1,Scheduled,AMA2341,11,15
7300100708,8420 South Mega DC,SALESFORCE ONE MKTG INC. - SAN JOSE,1,Scheduled,CAZ2516,11,12
7300100849,8330 BCFG GMA MEGA DC,ROBINSONS SUPERMARKET-RH SW COMMONW,1,Scheduled,NAA 7473,11,10
7300100859,8080 BCFG Canlubang,8174 BCFG DC Pinagbuhatan,1,Scheduled,ABK2733,11,6
7300100862,8420 South Mega DC,MCKENZIE DISTRIBUTION - TAGUIG,1,Scheduled,NBG 3910,11,5
7300100963,8110 BCFG Cavite,PEOPLE'S DIST. SYSTEM CORP.- MILAOR,1,Scheduled,CAA3770,10,26
7300100965,8110 BCFG Cavite,PEOPLE'S DIST. SYSTEM CORP.-DAET,1,Scheduled,CAA3770,11,11
7300100998,8110 BCFG Cavite,BGI SALES AND DISTRIBUTION INC- BAT,1,Scheduled,RLG 415,11,14
7300101012,8420 South Mega DC,SUPER SM - MOLINO,1,Scheduled,AWA4353,11,9
7300101036,8420 South Mega DC,PUREGOLD PRICE CLUB - BACOOR,1,Scheduled,CAF 7842,11,9
7300101074,8420 South Mega DC,ALFAMART TRADING - SILANG,1,Scheduled,CAQ 8684,11,10
7300101122,8100 BCFG San Pedro,8350 ELISCO EXPORT,1,Scheduled,JAD 6999,11,7
7300101127,8420 South Mega DC,"ALFAMART TRADING PHILIPPINES, INC.",1,Scheduled,CAO7707,11,10
7300101152,8420 South Mega DC,PUREGOLD PRICE CLUB - SAN PABLO,1,Scheduled,CBJ1600,11,9
7300101188,8420 South Mega DC,PHILIPPINE SEVEN - BATANGAS,1,Scheduled,NBK 4650,11,10
7300101197,8420 South Mega DC,PHILIPPINE SEVEN - PASIG,1,Scheduled,CAO3013,11,10
7300101210,8110 BCFG Cavite,8420 South Mega DC,1,Scheduled,CAK 9055,11,7
7300101222,8420 South Mega DC,PUREGOLD PRICE CLUB - BUCANDALA,1,Scheduled,CBJ1275,11,10
7300101227,8420 South Mega DC,PUREGOLD PRICE CLUB - BUHAY NA TUBI,1,Scheduled,ABK 3113,11,7
7300101231,8030 BCFG Bagong Ilog,SUPER 8 GROCERY WAREHOUSE,1,Scheduled,NCK6349,11,18
7300101234,8420 South Mega DC,PUREGOLD PRICE CLUB - GMA CAVITE,1,Scheduled,CXS 599,11,9
7300101252,8420 South Mega DC,PUREGOLD PRICE CLUB - MOLINO II,1,Completed,CAN6654,11,9
7300101261,8420 South Mega DC,SUY SING COMMERCIAL - PARANAQUE,1,Scheduled,CDK4770,11,11
7300101278,8420 South Mega DC,PUREGOLD PRICE CLUB - SAN PEDRO,1,Completed,ABL 1603,11,9
7300101292,8420 South Mega DC,PUREGOLD PRICE CLUB-ALAMINOS LAGUNA,1,Scheduled,CAI2400,11,10
7300101304,8420 South Mega DC,PUREGOLD PRICE CLUB - PAGSANJAN LAG,1,Scheduled,CAQ 7736,11,9
7300101316,8050 BCFG Pampanga,MAKOBOBI DISTRIBUTORS - GEN TINIO,1,Scheduled,MUT 4779,11,7
7300101318,8420 South Mega DC,SUY SING COMMERCIAL-STA BARBRA PANG,1,Scheduled,ACO 2549,11,11
7300101373,8420 South Mega DC,SUPER 8 GROCERY WAREHOUSE - BINAN,1,Completed,ICL1438,11,10
7300101377,8420 South Mega DC,SUPER 8 GROCERY WAREHOUSE - LIPA,1,Scheduled,ACL1568,11,10
7300101411,8420 South Mega DC,SUPER 8 GROCERY WAREHOUSE - CABUYAO,1,Completed,CAO 5256,11,10
7300101421,8420 South Mega DC,SUPER 8 GROCERY WAREHOUSE - MOLINO,1,Completed,MV474197,11,10
7300101621,8020 BCFG MCD,DMAYA PLUS ENTERPRISES - PANGASINAN,1,Scheduled,ALA 8121,11,13
7300101631,8020 BCFG MCD,MAKOBOBI DISTRIBUTORS - GEN TINIO,1,Scheduled,MUT 4790,11,11
7300101635,8020 BCFG MCD,OCAMPO'S MARKETING INC.-SAN MIGUEL,1,Scheduled,CAU2700,11,6
7300101637,8420 South Mega DC,SUPER 8 GROCERY WAREHOUSE - STA. RO,1,Scheduled,MPK 3422,11,14
7300101645,8110 BCFG Cavite,SUPER 8 GROCERY WAREHOUSE,1,Scheduled,RES 658,11,18
7300101665,8420 South Mega DC,WALTERMART SUPERMARKET - BALAYAN,1,Scheduled,NCK 5048,11,10
7300101666,8420 South Mega DC,WALTERMART SUPERMARKET - BATANGAS,1,Completed,CAO 5256,11,10
7300101667,8420 South Mega DC,WALTERMART SUPERMARKET - CABUYAO,1,Scheduled,CXS 560,11,10
7300101668,8420 South Mega DC,WALTERMART SUPERMARKET - CALAMBA,1,Completed,ABK 3113,11,10
7300101671,8330 BCFG GMA MEGA DC,SANFORD MARKETING - NOVALICHES 1,1,Scheduled,ACK 1582,11,11
7300101672,8420 South Mega DC,WALTERMART SUPERMARKET - DASMARINAS,1,Completed,NCK 8005,11,10
7300101673,8330 BCFG GMA MEGA DC,SANFORD MARKETING - MUNTINLUPA,1,Scheduled,NAU 3065,11,11
7300101674,8420 South Mega DC,WALTERMART SUPERMARKET - GENERAL TR,1,Completed,ABK 3111,11,10
7300101675,8330 BCFG GMA MEGA DC,SANFORD MARKETING - NOVA PLAZA MALL,1,Scheduled,ACK 1582,11,11
7300101676,8330 BCFG GMA MEGA DC,SANFORD MARKETING - FESTIVAL MALL,1,Scheduled,NAU 3065,11,11
7300101678,8420 South Mega DC,WALTERMART SUPERMARKET - LOS BANOS,1,Scheduled,ABK 3112,11,7
7300101679,8330 BCFG GMA MEGA DC,SUPERVALUE - NOVALICHES 2,1,Scheduled,AVA 4337,11,11
7300101680,8330 BCFG GMA MEGA DC,SUPERVALUE - MEGAMALL A,1,Scheduled,APA 4895,11,11
7300101682,8330 BCFG GMA MEGA DC,SUPERVALUE - MEGAMALL,1,Scheduled,NEG 1011,11,11
7300101687,8330 BCFG GMA MEGA DC,SUPERVALUE - SOUTHMALL,1,Scheduled,NEG 1013,11,11
7300101689,8330 BCFG GMA MEGA DC,SUPERVALUE - FAIRVIEW,1,Scheduled,ACK 1581,11,11
7300101690,8330 BCFG GMA MEGA DC,SUPER SM - LAS PINAS REAL,1,Scheduled,NAU 3057,11,11
7300101691,8330 BCFG GMA MEGA DC,SANFORD MARKETING - ZABARTE,1,Scheduled,WEX 171,11,11
7300101693,8330 BCFG GMA MEGA DC,SAVEMORE - M. ALVAREZ LAS PINAS,1,Scheduled,NBL 6471,11,11
7300101695,8070 BCFG Calamba,PHILIPPINE SEVEN - PASIG,1,Scheduled,CAM 5187,11,9
7300101697,8330 BCFG GMA MEGA DC,SAVEMORE - LIGHT RESIDENCE,1,Scheduled,AVA 3336,11,11
7300101699,8420 South Mega DC,WALTERMART SUPERMARKET - NASUGBU,1,Scheduled,AWA4353,11,7
7300101701,8330 BCFG GMA MEGA DC,SUPERVALUE - CHERRY SHAW,1,Scheduled,AVA 3336,11,11
7300101706,8330 BCFG GMA MEGA DC,SUPERVALUE - EAST ORTIGAS,1,Scheduled,NBL 6485,11,11
7300101708,8330 BCFG GMA MEGA DC,SANFORD MARKETING - BANKERS VILLAGE,1,Scheduled,WEX 171,11,11
7300101710,8330 BCFG GMA MEGA DC,SANFORD MARKETING - PRIMARK DEPARO,1,Scheduled,WEX 171,11,11
7300101712,8330 BCFG GMA MEGA DC,SUPERVALUE - PODIUM,1,Scheduled,APA 4900,11,11
7300101713,8330 BCFG GMA MEGA DC,SUPER SM - THE VILLAGE SQUARE,1,Scheduled,NBL 6471,11,11
7300101727,8330 BCFG GMA MEGA DC,SUPER SM - MUNTINLUPA,1,Scheduled,NAU 3059,11,11
7300101739,8420 South Mega DC,WALTERMART SUPERMARKET - STA. CRUZ,1,Scheduled,AVA5104,11,7
7300101744,8330 BCFG GMA MEGA DC,SUPER SM - LAS PINAS,1,Scheduled,NBL 6477,11,11
7300101748,8330 BCFG GMA MEGA DC,PASIG SUPERMARKET INC.,1,Scheduled,AVA 3336,11,11
7300101749,8420 South Mega DC,WALTERMART SUPERMARKET - STA. ROSA,1,Completed,ABK 3114,11,10
7300101750,8420 South Mega DC,WALTERMART SUPERMARKET - TAGAYTAY,1,Scheduled,RKR678,11,7
7300101763,8420 South Mega DC,WALTERMART SUPERMARKET-STA. ROSA BE,1,Scheduled,ABK 3110,11,7
7300101772,8174 BCFG DC Pinagbuhatan,PUREGOLD PRICE CLUB - PAG-ASA BINAN,1,Scheduled,TQT 546,11,9
7300101774,8110 BCFG Cavite,8350 ELISCO EXPORT,1,Scheduled,CAE 1414,11,5
7300101775,8174 BCFG DC Pinagbuhatan,PUREGOLD PRICE CLUB - SHAW,1,Scheduled,UJZ 792,11,8
7300101788,8174 BCFG DC Pinagbuhatan,PUREGOLD PRICE CLUB - SPALENGKE ANT,1,Scheduled,TIF 725,11,9
7300101789,8110 BCFG Cavite,DMAYA PLUS ENTERPRISES - PANGASINAN,1,Scheduled,ABX 8275,11,3
7300101803,8174 BCFG DC Pinagbuhatan,PUREGOLD PRICE CLUB - NANGKA,1,Scheduled,RLD 738,11,9
7300101810,8174 BCFG DC Pinagbuhatan,PUREGOLD PRICE CLUB - STA. ELENA,1,Scheduled,CXV 991,11,9
7300102431,8330 BCFG GMA MEGA DC,SUPER SM - SUCAT 2,1,Scheduled,AVA 3481,11,11
7300102450,8174 BCFG DC Pinagbuhatan,PUREGOLD PRICE CLUB - ANGONO RIZAL,1,Scheduled,NEG 1011,11,9
7300102522,8420 South Mega DC,PUREGOLD PRICE CLUB - DASMA II,1,Scheduled,CBJ1599,11,10
7300102530,8420 South Mega DC,PUREGOLD PRICE CLUB - PALIPARAN,1,Scheduled,NDM6150,11,10
7300102535,8420 South Mega DC,PUREGOLD PRICE CLUB - LANGGAM,1,Scheduled,AAW 2546,11,7
7300102545,8420 South Mega DC,PUREGOLD PRICE CLUB-STA ROSA VICTOR,1,Scheduled,AVA5104,11,7
7300102548,8420 South Mega DC,ULTRA MEGA MULTI SALES - TANAUAN,1,Scheduled,RKR678,10,23
7300102572,8174 BCFG DC Pinagbuhatan,PUREGOLD PRICE CLUB - SAN DIONISIO,1,Scheduled,NBL 6474,11,10
7300102580,8070 BCFG Calamba,8330 BCFG GMA MEGA DC,1,Scheduled,NCK1845,11,14
7300102589,8174 BCFG DC Pinagbuhatan,PUREGOLD PRICE CLUB - JUAN LUNA TON,1,Scheduled,WEX 171,11,9
7300102591,8174 BCFG DC Pinagbuhatan,"ALLDAY MARTS, INC. - ALABANG DC",1,Scheduled,RLK 572,11,7
7300102606,8174 BCFG DC Pinagbuhatan,PUREGOLD PRICE CLUB - SAN MATEO RIZ,1,Scheduled,NEG 1012,11,9
7300102608,8174 BCFG DC Pinagbuhatan,PUREGOLD PRICE CLUB - 999 MALL,1,Scheduled,ABC 7411,11,9
7300102613,8174 BCFG DC Pinagbuhatan,PUREGOLD PRICE CLUB - MERCEDES,1,Scheduled,XKB 869,11,9
7300102614,8174 BCFG DC Pinagbuhatan,PUREGOLD PRICE CLUB - GAGALANGIN,1,Scheduled,AWA 3405,11,9
7300102615,8174 BCFG DC Pinagbuhatan,PUREGOLD PRICE CLUB - ZABARTE,1,Scheduled,ZPL 487,11,5
7300102616,8174 BCFG DC Pinagbuhatan,PUREGOLD PRICE CLUB - AMPID,1,Scheduled,NAW7962,11,3
7300102617,8174 BCFG DC Pinagbuhatan,PUREGOLD PRICE CLUB-SAN MATEO JR.,1,Scheduled,NBT 2297,11,3
7300102813,8070 BCFG Calamba,8350 ELISCO EXPORT,1,Scheduled,AWA2863,11,5
7300102814,8174 BCFG DC Pinagbuhatan,ISETANN DEPARTMENT STORE - P.TUAZON,1,Completed,FJG 965,11,10
7300102815,8174 BCFG DC Pinagbuhatan,ISETANN DEPARTMENT STORE - CARRIEDO,1,Scheduled,XKB 869,11,10
7300102816,8174 BCFG DC Pinagbuhatan,WALTERMART SUPERMARKET - TAYTAY,1,Scheduled,NAU 3065,11,10
7300102818,8180 BCFG San Pedro 2,DMAYA PLUS ENTERPRISES - PANGASINAN,1,Scheduled,CBX7740,10,27
7300102820,8180 BCFG San Pedro 2,"MATRIX MASTER MKTG., INC.-SAN PABLO",1,Scheduled,CCO8153,11,11
7300102821,8180 BCFG San Pedro 2,OCAMPO'S MARKETING INC.-SAN AGUSTIN,1,Scheduled,ACJ 0716,11,11
7300102823,8180 BCFG San Pedro 2,TRU-SERV MARKETING CORP.,1,Scheduled,THR 247,10,29
7300102835,8060 BCFG Tarlac,DMAYA PLUS ENTERPRISES - PANGASINAN,1,Scheduled,CDK 1031,11,6
7300102841,8080 BCFG Canlubang,8350 ELISCO EXPORT,1,Scheduled,AAV4431,11,6
7300102847,8060 BCFG Tarlac,"FINEST TRADE MKTNG., INC",1,Scheduled,NAY4843,11,11
7300102848,8174 BCFG DC Pinagbuhatan,SUPER 8 GROCERY WAREHOUSE - MOLAVE,1,Completed,NAZ 1369,11,10
7300102872,8174 BCFG DC Pinagbuhatan,SUPER 8 GROCERY WAREHOUSE-BINANGONA,1,Scheduled,WFX 177,11,11
7300102875,8174 BCFG DC Pinagbuhatan,SUPER 8 GROCERY WAREHOUSE-COGEO,1,Completed,UYB711,11,11
7300102898,8420 South Mega DC,SUPER 8 GROCERY WAREHOUSE - SAN PAB,1,Scheduled,ACL2001,11,10
7300102911,8174 BCFG DC Pinagbuhatan,SUPER 8 GROCERY WAREHOUSE-GUADALUPE,1,Completed,ABC 7417,11,11
7300102917,8420 South Mega DC,SALESFORCE ONE MKTG INC.-BALAYAN,1,Scheduled,CAF4111,11,11
7300102929,8420 South Mega DC,TRISTAR TRUSTED MARKETING INC.,1,Scheduled,RNK747,9,25
7300102935,8174 BCFG DC Pinagbuhatan,SUPER 8 GROCERY WAREHOUSE-LAS PIÑAS,1,Scheduled,DUMMY 4W,11,10
7300102937,8174 BCFG DC Pinagbuhatan,SUPER 8 GROCERY WAREHOUSE-MASINAG,1,Completed,AWA 3405,11,10
7300102938,8420 South Mega DC,SUPER 8 GROCERY WAREHOUSE-ROSARIO C,1,Scheduled,ACL2001,11,10
7300102939,8060 BCFG Tarlac,STRATEGIC DISTRIBUTORS INC.,1,Scheduled,CAL 2727,11,9
7300103136,8174 BCFG DC Pinagbuhatan,SUPER 8 GROCERY WAREHOUSE-NOVALICHE,1,Scheduled,NAD 5355,11,10
7300103164,8060 BCFG Tarlac,8173 BCFG DC Conso-Marilao,1,Scheduled,ABB5479,11,7
7300103167,8420 South Mega DC,SUPER 8 GROCERY WAREHOUSE - DASMARI,1,Scheduled,NCK 5048,11,10
7300103196,8174 BCFG DC Pinagbuhatan,SUPER 8 GROCERY WHSE- BAGONG SILANG,1,Scheduled,AAT 1654,11,10
7300103314,8060 BCFG Tarlac,8174 BCFG DC Pinagbuhatan,1,Scheduled,ABK3209,11,5
7300103444,8050 BCFG Pampanga,SUPER 8 GROCERY WAREHOUSE,1,Scheduled,CXV239,11,18
7300103478,8070 BCFG Calamba,8420 South Mega DC,1,Scheduled,SPC 9046,11,7
7300103512,8420 South Mega DC,PUREGOLD PRICE CLUB - LIPA,1,Scheduled,CAF 7842,10,20
7300103513,8420 South Mega DC,8070 BCFG Calamba,1,Scheduled,SPC 9054,11,9
7300103609,8420 South Mega DC,SUY SING COMMERCIAL - LIPA,1,Scheduled,CAG 7488,11,11
7300103640,8420 South Mega DC,SUY SING COMMERCIAL - TAGUIG,1,Scheduled,CAG 7488,11,11
7300103656,8420 South Mega DC,8080 BCFG Canlubang,1,Scheduled,AUA 9787,11,9
7300103662,8060 BCFG Tarlac,8420 South Mega DC,1,Scheduled,APA5976,11,6
7300103664,8174 BCFG DC Pinagbuhatan,PUREGOLD PRICE CLUB - BETTERLIVING,1,Scheduled,UVX389,11,10
7300103688,8174 BCFG DC Pinagbuhatan,PUREGOLD PRICE CLUB - SOUTHPARK,1,Scheduled,UMN514,11,10
7300103764,8174 BCFG DC Pinagbuhatan,PUREGOLD PRICE CLUB - CALOOCAN (RZL,1,Scheduled,NAA 7473,11,10
7300103784,8174 BCFG DC Pinagbuhatan,PUREGOLD PRICE CLUB - MARCOS ALVARE,1,Scheduled,CAZ3535,11,9
7300103800,8080 BCFG Canlubang,8410 North Mega DC,1,Scheduled,AUC 3897,11,9
7300103832,8080 BCFG Canlubang,8420 South Mega DC,1,Scheduled,AUA 9987,11,5
7300103871,8174 BCFG DC Pinagbuhatan,SALESFORCE ONE MKTG INC. -SAN JOSE2,1,Scheduled,CAI4313,11,11
7300103899,8080 BCFG Canlubang,8173 BCFG DC Conso-Marilao,1,Scheduled,AUC 2299,11,9
7300104009,8020 BCFG MCD,HEALTHYFOOD AND SNACKS DIST - IMUS,1,Scheduled,CAZ1877,11,9
7300104019,8420 South Mega DC,ROBINSONS SUPERMARKET- DC SUCAT,1,Scheduled,CAJ 6289,11,11
7300104028,8174 BCFG DC Pinagbuhatan,PUREGOLD PRICE CLUB - NAVAL,1,Scheduled,ABC 7191,11,10
7300104037,8420 South Mega DC,TOWER 6789 CORPORATION,1,Scheduled,RJH523,11,11
7300104042,8174 BCFG DC Pinagbuhatan,PUREGOLD PRICE CLUB - V. MAPA,1,Scheduled,NCW6147,11,10
7300104049,8420 South Mega DC,HEALTHYFOOD AND SNACKS DIST - IMUS,1,Scheduled,ABK 6582,11,12
7300104051,8174 BCFG DC Pinagbuhatan,PUREGOLD PRICE CLUB - MOONWALK,1,Scheduled,ABC 7419,11,10
7300104071,8174 BCFG DC Pinagbuhatan,PUREGOLD PRICE CLUB - COMMONWEALTH,1,Scheduled,NEG 1013,11,10
7300104105,8174 BCFG DC Pinagbuhatan,WALTERMART SUPERMARKET - MAKATI,1,Scheduled,NEG 1012,11,10
7300104106,8174 BCFG DC Pinagbuhatan,PUREGOLD PRICE CLUB - FAIRVIEW,1,Scheduled,CAD 4721,11,10
7300104116,8070 BCFG Calamba,"FINEST TRADE MKTNG., INC",1,Scheduled,NBM3167,11,11
7300104129,8060 BCFG Tarlac,OCAMPO'S MARKETING INC.-SAN AGUSTIN,1,Scheduled,CAA3539,11,14
7300104144,8060 BCFG Tarlac,OCAMPO'S MARKETING INC.-SAN MIGUEL,1,Scheduled,CAC7865,11,14
7300104153,8070 BCFG Calamba,HEALTHYFOOD AND SNACKS DIST - GEN T,1,Scheduled,CAL 9642,11,9
7300104162,8110 BCFG Cavite,8330 BCFG GMA MEGA DC,1,Completed,ALA 7491,11,14
7300104173,8070 BCFG Calamba,HEALTHYFOOD AND SNACKS DIST - IMUS,1,Scheduled,CCO 1930,10,24
7300104175,8110 BCFG Cavite,8174 BCFG DC Pinagbuhatan,1,Scheduled,CAH 8419,11,14
7300104177,8110 BCFG Cavite,8173 BCFG DC Conso-Marilao,1,Scheduled,CAF 9002,11,7
7300104182,8420 South Mega DC,PUREGOLD PRICE CLUB - CABUYAO,1,Scheduled,MV474216,11,11
7300104183,8174 BCFG DC Pinagbuhatan,PUREGOLD PRICE CLUB - PULANG LUPA,1,Scheduled,NEG 1011,11,10
7300104195,8420 South Mega DC,PUREGOLD PRICE CLUB - CANLUBANG,1,Scheduled,BDG 4702,11,4
7300104204,8174 BCFG DC Pinagbuhatan,PUREGOLD PRICE CLUB - ARVO MARIKINA,1,Scheduled,NBL 6485,11,10
7300104210,8174 BCFG DC Pinagbuhatan,PUREGOLD PRICE CLUB - PUTATAN,1,Scheduled,NBK 4387,11,10
7300104264,8420 South Mega DC,SUPER 8 GROCERY WAREHOUSE,1,Completed,RJE 292,11,18
7300104268,8330 BCFG GMA MEGA DC,MAJOR SHOPPING MGNT CORP. - SM MEGA,1,Scheduled,NEG 1011,11,14
7300104274,8330 BCFG GMA MEGA DC,MLA SOUTHERN ASS. INC. - SM SOUTHMA,1,Scheduled,NEG 1013,11,14
7300104276,8330 BCFG GMA MEGA DC,METRO MAIN STAR ASIA - SM EAST ORTI,1,Scheduled,NBL 6485,11,14
7300104289,8420 South Mega DC,PUREGOLD PRICE CLUB - HALANG EXTRA,1,Scheduled,MV474200,11,11
7300104336,8050 BCFG Pampanga,"DRM INTEGRAL DISTRIBUTORS, INC.",1,Scheduled,UCP757,11,12
7300104341,8070 BCFG Calamba,MAKOBOBI DISTRIBUTORS - GEN TINIO,1,Scheduled,MUT 7440,11,11
7300104345,8050 BCFG Pampanga,TASK FORCE MARKETING INC.,1,Scheduled,UUP242,11,2
7300104352,8420 South Mega DC,ULTRA MEGA MULTI SALES ALABANG (W-S,1,Completed,CAD 5676,11,10
7300104468,8173 BCFG DC Conso-Marilao,LAOAG SOLID 8 - BANTAY,1,Scheduled,WKQ 987,11,13
7300104472,8160 BCFG Binan,8174 BCFG DC Pinagbuhatan,1,Completed,JAG 8752,11,12
7300104493,8070 BCFG Calamba,"MATRIX MASTER MKTG., INC.-SAN PABLO",1,Scheduled,CAE 6634,11,11
7300104502,8160 BCFG Binan,8330 BCFG GMA MEGA DC,1,Scheduled,RFB 680,11,5
7300104509,8070 BCFG Calamba,OCAMPO'S MARKETING INC.-SAN AGUSTIN,1,Scheduled,119035,11,11
7300104528,8160 BCFG Binan,8420 South Mega DC,1,Scheduled,RES 917,11,12
7300104529,8173 BCFG DC Conso-Marilao,OCAMPO'S MARKETING INC.-SAN MIGUEL,1,Scheduled,ADK1321,11,11
7300104530,8330 BCFG GMA MEGA DC,SUPER SM - BEL-AIR MAKATI,1,Scheduled,AVA 4336,11,12
7300104531,8070 BCFG Calamba,SALESFORCE ONE MKTG INC.-BALAYAN,1,Scheduled,NAD 6977,11,4
7300104533,8330 BCFG GMA MEGA DC,SANFORD MARKETING - P. TUAZON,1,Scheduled,NAU 3065,11,12
7300104535,8173 BCFG DC Conso-Marilao,OCAMPO'S MARKETING INC.-SAN AGUSTIN,1,Scheduled,ADK1321,11,5
7300104536,8330 BCFG GMA MEGA DC,SANFORD MARKETING - DEL MONTE,1,Scheduled,AVA 3336,11,12
7300104538,8330 BCFG GMA MEGA DC,SANFORD MARKETING - ANONAS,1,Scheduled,ACK 1582,11,12
7300104544,8174 BCFG DC Pinagbuhatan,PUREGOLD PRICE CLUB - LIBERTAD JR,1,Scheduled,UYB853,11,10
7300104545,8330 BCFG GMA MEGA DC,SANFORD MARKETING - VISAYAS,1,Scheduled,NAU 3065,11,12
7300104549,8330 BCFG GMA MEGA DC,SANFORD MARKETING - ARANETA CENTER,1,Scheduled,NAU 3065,11,12
7300104551,8330 BCFG GMA MEGA DC,SUPER SM - MALL OF ASIA,1,Scheduled,NBL 6474,11,12
7300104552,8070 BCFG Calamba,SALESFORCE ONE MKTG INC.-MINDORO,1,Scheduled,CAA5947,11,4
7300104554,8173 BCFG DC Conso-Marilao,DMAYA PLUS ENTERPRISES-BAYOMBONG,1,Scheduled,BVU 188,11,11
7300104557,8330 BCFG GMA MEGA DC,SUPER SM - ETON,1,Scheduled,NAU 3060,11,12
7300104561,8330 BCFG GMA MEGA DC,SUPER SM - ADRIATICO,1,Scheduled,NBL 6471,11,12
7300104567,8070 BCFG Calamba,SIDAMO DISTRIBUTION INC.,1,Completed,ABX 7380,11,11
7300104573,8174 BCFG DC Pinagbuhatan,PUREGOLD PRICE CLUB - CONCEPCION 1,1,Scheduled,CXV 994,11,5
7300104575,8070 BCFG Calamba,STRATEGIC DISTRIBUTORS INC.,1,Scheduled,CAY 8454,11,13
7300104578,8330 BCFG GMA MEGA DC,SUPER SM - CUBAO,1,Scheduled,NEG 1012,11,12
7300104580,8060 BCFG Tarlac,TRU-SERV MARKETING CORP.,1,Scheduled,CAC7868,11,16
7300104581,8330 BCFG GMA MEGA DC,SUPER SM - VALENZUELA,1,Scheduled,NAV7314,11,12
7300104583,8070 BCFG Calamba,TASK FORCE MARKETING INC.,1,Scheduled,CAO3013,11,5
7300104586,8330 BCFG GMA MEGA DC,SANFORD MARKETING - PROJECT 8,1,Scheduled,NAU 3064,11,12
7300104587,8070 BCFG Calamba,TRU-SERV MARKETING CORP.,1,Scheduled,AAT2621,11,10
7300104588,8330 BCFG GMA MEGA DC,SUPER SM - SUN RESIDENCES,1,Scheduled,NAU 3061,11,12
7300104591,8330 BCFG GMA MEGA DC,SAVEMORE  - CYBERWEST,1,Scheduled,AVA 3336,11,12
7300104593,8330 BCFG GMA MEGA DC,SUPERVALUE - SANGANDAAN,1,Scheduled,NAV7314,11,12
7300104594,8330 BCFG GMA MEGA DC,SANFORD MARKETING - BANAWE QC,1,Scheduled,AVA 3336,11,12
7300104619,8330 BCFG GMA MEGA DC,SUPER SM - NORTH EDSA,1,Scheduled,RMT 935,11,12
7300104622,8020 BCFG MCD,STRATEGIC DISTRIBUTORS INC.,1,Scheduled,ACA4374,11,7
7300104631,8330 BCFG GMA MEGA DC,SUPER SM - TAYTAY,1,Scheduled,APA 4900,11,12
7300104643,8330 BCFG GMA MEGA DC,SUPER SM - MANDALUYONG,1,Scheduled,NEG 1013,11,12
7300104648,8330 BCFG GMA MEGA DC,SUPER SM - FAIRVIEW,1,Scheduled,ACK 1581,11,12
7300104676,8030 BCFG Bagong Ilog,8173 BCFG DC Conso-Marilao,1,Scheduled,JAD 2666,11,15
7300104715,8174 BCFG DC Pinagbuhatan,PUREGOLD PRICE CLUB - ANTIPOLO JR,1,Scheduled,CXV 995,11,10
7300104799,8330 BCFG GMA MEGA DC,SUPER SM - NOVALICHES,1,Scheduled,AFA 6206,11,12
7300104814,8030 BCFG Bagong Ilog,8330 BCFG GMA MEGA DC,1,Scheduled,RJA 154,11,15
7300104815,8330 BCFG GMA MEGA DC,SUPER SM - SUCAT,1,Scheduled,APA 4899,11,12
7300104821,8030 BCFG Bagong Ilog,8420 South Mega DC,1,Scheduled,ACN2334,11,15
7300104822,8180 BCFG San Pedro 2,8173 BCFG DC Conso-Marilao,1,Scheduled,NCA9699,11,5
7300104825,8030 BCFG Bagong Ilog,8410 North Mega DC,1,Scheduled,WQW260,11,15
7300104832,8330 BCFG GMA MEGA DC,SUPER SM - CONGRESSIONAL AVE.,1,Scheduled,TJQ 712,11,12
7300104846,8330 BCFG GMA MEGA DC,SUPER SM - FTI TAGUIG,1,Scheduled,NAU 3059,11,12
7300104872,8330 BCFG GMA MEGA DC,SUPER SM - ANTIPOLO,1,Scheduled,NBL 6477,11,12
7300104893,8420 South Mega DC,PUREGOLD PRICE CLUB - SAN PABLO H'W,1,Scheduled,CAY9022,11,11
7300104894,8420 South Mega DC,PUREGOLD PRICE CLUB - SILANG,1,Scheduled,XPL782,11,4
7300104896,8410 North Mega DC,BGI SALES AND DISTRIBUTION INC- BAT,1,Scheduled,FST3306,11,14
7300104897,8330 BCFG GMA MEGA DC,SUPER SM - BICUTAN,1,Scheduled,NBL 6483,11,12
7300104899,8330 BCFG GMA MEGA DC,SUPER SM - CAINTA,1,Scheduled,NAU 3057,11,12
7300104901,8420 South Mega DC,PUREGOLD PRICE CLUB - TANZANG LUMA,1,Scheduled,MV477093,11,4
7300104905,8070 BCFG Calamba,8174 BCFG DC Pinagbuhatan,1,Scheduled,ABK 7163,11,14
7300104908,8060 BCFG Tarlac,8330 BCFG GMA MEGA DC,1,Scheduled,AUA 9781,11,9
7300104911,8174 BCFG DC Pinagbuhatan,"EVER PLUS SUPERSTORE, INC.-SUCAT",1,Scheduled,APA3742,11,10
7300104918,8410 North Mega DC,DMAYA PLUS ENTERPRISES - PANGASINAN,1,Scheduled,CDK 1031,10,30
7300104920,8410 North Mega DC,NEW GENERATION FOOD PRODUCTS TARLAC,1,Scheduled,AAV 6377,11,10
7300104924,8330 BCFG GMA MEGA DC,PHILIPPINE SEVEN - PASIG,1,Scheduled,NCK 7896,11,12
7300104925,8050 BCFG Pampanga,OCAMPO'S MARKETING INC.-SAN AGUSTIN,1,Scheduled,CXT 849,11,11
7300104935,8050 BCFG Pampanga,DMAYA PLUS ENTERPRISES - PANGASINAN,1,Scheduled,ABX 7771,11,13
7300104938,8050 BCFG Pampanga,LAOAG SOLID 8 - BANTAY,1,Scheduled,CT1293,11,11
7300104948,8050 BCFG Pampanga,SIDAMO DISTRIBUTION INC.,1,Scheduled,CXU581,11,11
7300104952,8070 BCFG Calamba,8173 BCFG DC Conso-Marilao,1,Scheduled,130101,11,7
7300104954,8050 BCFG Pampanga,TRU-SERV MARKETING CORP.,1,Scheduled,CAO5736,11,12
7300105001,8110 BCFG Cavite,TRU-SERV MARKETING CORP.,1,Scheduled,UWF556,11,16
7300105009,8050 BCFG Pampanga,LAOAG SOLID 8 - LAOAG,1,Scheduled,AWA 886,10,31
7300105022,8174 BCFG DC Pinagbuhatan,BES SERV LOGISTICS CORP.,1,Completed,ALA 7407,11,8
7300105055,8050 BCFG Pampanga,OCAMPO'S MARKETING INC.-SAN MIGUEL,1,Scheduled,CXT 820,11,11
7300105099,8160 BCFG Binan,8180 BCFG San Pedro 2,1,Scheduled,NAG 4138,11,9
7300105121,8050 BCFG Pampanga,"FINEST TRADE MKTNG., INC",1,Scheduled,CXC 351,11,11
7300105122,8050 BCFG Pampanga,NEW GENERATION FOOD PRODUCTS TARLAC,1,Scheduled,AAQ 8224,11,14
7300105125,8050 BCFG Pampanga,8420 South Mega DC,1,Scheduled,130101,10,30
7300105290,8174 BCFG DC Pinagbuhatan,WALTERMART SUPERMARKET - PASAY,1,Scheduled,AVA 4336,11,10
7300105292,8174 BCFG DC Pinagbuhatan,PUREGOLD PRICE CLUB - BF HOMES JR,1,Scheduled,UVX433,11,11
7300105312,8174 BCFG DC Pinagbuhatan,PUREGOLD PRICE CLUB - COGEO (EXTRA),1,Scheduled,UVX389,11,5
7300105314,8174 BCFG DC Pinagbuhatan,"EVER PLUS SUPERSTORE, INC.-KAYBIGA",1,Scheduled,ABC 7308,11,24
7300105315,8174 BCFG DC Pinagbuhatan,"EVER PLUS SUPERSTORE, INC.-FOREST H",1,Scheduled,ABC 7411,11,11
7300105316,8174 BCFG DC Pinagbuhatan,"EVER PLUS SUPERSTORE, INC. - SAUYO",1,Completed,AWA3751,11,11
7300105327,8174 BCFG DC Pinagbuhatan,PUREGOLD PRICE CLUB - LILAC,1,Scheduled,ABC 7418,11,11
7300105328,8174 BCFG DC Pinagbuhatan,"EVER PLUS SUPERSTORE, INC. - BAESA",1,Scheduled,NCW6147,11,11
7300105329,8174 BCFG DC Pinagbuhatan,"ALLDAY MARTS, INC. - TAGUIG",1,Scheduled,AAT 1654,11,7
7300105330,8174 BCFG DC Pinagbuhatan,"ALLDAY MARTS, INC. - SHAW",1,Scheduled,NBI6110,11,7
7300105331,8174 BCFG DC Pinagbuhatan,AYAGOLD - MERKADO VERTIS,1,Scheduled,ABC 7388,11,11
7300105345,8174 BCFG DC Pinagbuhatan,EVER PLUS SUPERSTORE INC.- ARLEGUI,1,Completed,ABC 7416,11,26
7300105349,8174 BCFG DC Pinagbuhatan,ALLDAY MARTS INC. - STARMALL ALABAN,1,Scheduled,TIF 725,11,7
7300105400,8174 BCFG DC Pinagbuhatan,PUREGOLD PRICE - EXTRA ANGONO HWAY,1,Scheduled,PJB 754,11,11
7300105403,8174 BCFG DC Pinagbuhatan,PUREGOLD PRICE - JR TAYTAY PALENGKE,1,Scheduled,NAH 8567,11,11
7300105406,8174 BCFG DC Pinagbuhatan,PUREGOLD PRICE CLUB - BACLARAN,1,Scheduled,NAZ 1370,11,5
7300105407,8174 BCFG DC Pinagbuhatan,PUREGOLD PRICE CLUB - FTI TAGUIG,1,Scheduled,CAZ 2904,11,5
7300105427,8174 BCFG DC Pinagbuhatan,AYAGOLD - MERKADO SUPERMARKET,1,Scheduled,ADK 3368,11,11
7300105431,8174 BCFG DC Pinagbuhatan,PUREGOLD PRICE CLUB -BLUEMENTRITT M,1,Scheduled,NAZ 1291,11,11
7300105433,8174 BCFG DC Pinagbuhatan,PUREGOLD PRICE CLUB - SUMULONG,1,Scheduled,NCK1455,11,11
7300105435,8174 BCFG DC Pinagbuhatan,PUREGOLD PRICE CLUB - TAYTAY FLOODW,1,Scheduled,ACK 1579,11,10
7300105436,8174 BCFG DC Pinagbuhatan,PUREGOLD PRICE CLUB - SAN ANTONIO,1,Scheduled,ABC 7419,11,11
7300105439,8174 BCFG DC Pinagbuhatan,PUREGOLD PRICE CLUB- PUTATAN,1,Scheduled,ABC 7415,11,11
7300105525,8060 BCFG Tarlac,SIDAMO DISTRIBUTION INC.,1,Scheduled,CAA3539,11,7
7300105528,8060 BCFG Tarlac,NEW GENERATION FOOD PRODUCTS TARLAC,1,Scheduled,CAN6139,11,10
7300105531,8180 BCFG San Pedro 2,ATHENA PRIME MARKETING,1,Scheduled,THR 247,11,6
7300105534,8180 BCFG San Pedro 2,BGI SALES AND DISTRIBUTION INC- BAT,1,Scheduled,CAL7131,11,14
7300105535,8180 BCFG San Pedro 2,KIMBERLIN ENTERPRISES - CAUAYAN,1,Scheduled,BVW 311,11,11
7300105538,8180 BCFG San Pedro 2,MAKOBOBI DISTRIBUTORS - GEN TINIO,1,Scheduled,MUT 4792,11,14
7300105539,8180 BCFG San Pedro 2,DMAYA PLUS ENTERPRISES-ISABELA,1,Scheduled,ABK 7163,11,11
7300105567,8080 BCFG Canlubang,8330 BCFG GMA MEGA DC,1,Scheduled,AAR1570,11,6
7300105584,8070 BCFG Calamba,SALESFORCE ONE MKTG INC. -SAN JOSE2,1,Scheduled,ABB 5664,11,11
7300105597,8060 BCFG Tarlac,8050 BCFG Pampanga,1,Scheduled,AUA 9784,11,2
7300105612,8420 South Mega DC,PUREGOLD PRICE CLUB- NOVELETA OASIS,1,Scheduled,AVA5103,11,3
7300105621,8100 BCFG San Pedro,8174 BCFG DC Pinagbuhatan,1,Completed,WAQ919,11,12
7300105649,8420 South Mega DC,PUREGOLD PRICE CLUB - TAGAYTAY JR,1,Scheduled,MV474200,11,4
7300105962,8420 South Mega DC,LIANA'S SUPERMARKET- SAN PABLO CITY,1,Scheduled,ABL 1603,11,10
7300105969,8420 South Mega DC,THOCH MARKETING CORPORATION,1,Scheduled,AAT 2559,11,11
7300106084,8080 BCFG Canlubang,ATHENA PRIME MARKETING,1,Scheduled,RLH 298,11,11
7300106122,8080 BCFG Canlubang,"DRM INTEGRAL DISTRIBUTORS, INC.",1,Scheduled,ACJ 2751,11,5
7300106164,8180 BCFG San Pedro 2,KIMBERLIN ENTERPRISES - UGAC,1,Scheduled,BVW 302,11,11
7300106243,8060 BCFG Tarlac,KIMBERLIN ENTERPRISES - UGAC,1,Scheduled,CAD1735,11,14
7300106258,8060 BCFG Tarlac,KIMBERLIN ENTERPRISES - CAUAYAN,1,Scheduled,BVW 303,11,10
7300106268,8080 BCFG Canlubang,NEW GENERATION FOOD PRODUCTS TARLAC,1,Scheduled,AC8 327,11,10
7300106280,8110 BCFG Cavite,ATHENA PRIME MARKETING,1,Scheduled,UVU213,11,16
7300106292,8110 BCFG Cavite,KIMBERLIN ENTERPRISES - CAUAYAN,1,Scheduled,CAR 1603,10,31
7300106293,8100 BCFG San Pedro,8330 BCFG GMA MEGA DC,1,Scheduled,RLR953,11,12
7300106307,8110 BCFG Cavite,KIMBERLIN ENTERPRISES - UGAC,1,Scheduled,AAV 5557,11,14
7300106308,8060 BCFG Tarlac,BGI SALES AND DISTRIBUTION INC- BAT,1,Scheduled,CDK 2860,11,9
7300106415,8110 BCFG Cavite,SIDAMO DISTRIBUTION INC.,1,Scheduled,UWB405,11,11
7300106770,8050 BCFG Pampanga,8174 BCFG DC Pinagbuhatan,1,Scheduled,ABJ9213,11,5
7300106777,8174 BCFG DC Pinagbuhatan,PUREGOLD PRICE CLUB - MOTHER IGNACI,1,Completed,UYB853,11,11
7300106792,8174 BCFG DC Pinagbuhatan,PUREGOLD PRICE CLUB - BAESA,1,Scheduled,TDH 782,11,11
7300106925,8020 BCFG MCD,KIMBERLIN ENTERPRISES - CAUAYAN,1,Completed,CAA6847,11,10
7300106954,8020 BCFG MCD,KIMBERLIN ENTERPRISES - UGAC,1,Scheduled,CAA6847,11,12
7300106962,8020 BCFG MCD,LAOAG SOLID 8 - LAOAG,1,Scheduled,CAJ7392,11,14
7300106968,8020 BCFG MCD,LAOAG SOLID 8 - BANTAY,1,Scheduled,CAJ7392,11,11
7300106970,8080 BCFG Canlubang,KIMBERLIN ENTERPRISES - CAUAYAN,1,Scheduled,BVW 310,11,14
7300106980,8080 BCFG Canlubang,KIMBERLIN ENTERPRISES - UGAC,1,Scheduled,CAE 4694,11,14
7300106988,8020 BCFG MCD,LAOAG SOLID 8 - CANDON,1,Scheduled,CAJ7392,11,7
7300106997,8080 BCFG Canlubang,OCAMPO'S MARKETING INC.-SAN MIGUEL,1,Scheduled,CCN3362,11,14
7300107021,8330 BCFG GMA MEGA DC,HELIOS PRIME SALES AND DISTRIBUTION,1,Completed,RLG 916,11,14
7300107072,8080 BCFG Canlubang,OCAMPO'S MARKETING INC.-SAN AGUSTIN,1,Scheduled,NBQ7983,11,14
7300107074,8420 South Mega DC,WATSONS PERSONAL CARE STORES,1,Scheduled,CAT4475,11,11
7300107121,8110 BCFG Cavite,LAOAG SOLID 8 - CANDON,1,Scheduled,CAJ 7183,11,4
7300107126,8110 BCFG Cavite,LAOAG SOLID 8 - BANTAY,1,Scheduled,CAJ 7183,11,11
7300107127,8410 North Mega DC,TASK FORCE MARKETING INC.,1,Scheduled,WDP893,11,16
7300107130,8180 BCFG San Pedro 2,NEW GENERATION FOOD PRODUCTS TARLAC,1,Scheduled,ABJ 9995,11,10
7300107141,8020 BCFG MCD,8350 ELISCO EXPORT,1,Scheduled,WAQ887,11,10
7300107447,8060 BCFG Tarlac,DMAYA PLUS ENTERPRISES-ISABELA,1,Completed,BVU 233,11,10
7300107449,8060 BCFG Tarlac,DMAYA PLUS ENTERPRISES-BAYOMBONG,1,Scheduled,ABX 7771,11,10
7300107467,8060 BCFG Tarlac,TASK FORCE MARKETING INC.,1,Scheduled,NBE 6286,11,16
7300107491,8020 BCFG MCD,NEW GENERATION FOOD PRODUCTS TARLAC,1,Scheduled,AAT2621,11,9
7300107529,8330 BCFG GMA MEGA DC,SUPER 8 GROCERY WAREHOUSE,1,Scheduled,ICL4148,11,18
7300107547,8050 BCFG Pampanga,KIMBERLIN ENTERPRISES - CAUAYAN,1,Scheduled,TXT 975,11,14
7300107581,8050 BCFG Pampanga,DMAYA PLUS ENTERPRISES-ISABELA,1,Scheduled,WAQ266,11,14
7300107645,8060 BCFG Tarlac,SUY SING COMMERCIAL-MEYCAUAYAN BUL.,1,Scheduled,NAY4843,11,10
7300107653,8420 South Mega DC,MERIDIEN BUSINESS LEADER - SM MOLIN,1,Scheduled,CO4150,11,14
7300107673,8420 South Mega DC,SUPER SM - NAIC,1,Scheduled,ACL2001,11,12
7300107681,8174 BCFG DC Pinagbuhatan,ATHENA PRIME MARKETING,1,Scheduled,CAZ 1682,11,11
7300107682,8420 South Mega DC,SUPER SM - PRIMARK TAGAYTAY,1,Scheduled,B7R463,11,12
7300107683,8174 BCFG DC Pinagbuhatan,SIDAMO DISTRIBUTION INC.,1,Scheduled,WFX 177,11,11
7300107695,8110 BCFG Cavite,SANFORD MARKETING - LESGAPI 2,1,Scheduled,NAK9463,11,13
7300107704,8420 South Mega DC,SANFORD MARKETING - SORSOGON,1,Scheduled,CBJ1276,11,13
7300107706,8100 BCFG San Pedro,8420 South Mega DC,1,Completed,GTY0500,11,12
7300107769,8330 BCFG GMA MEGA DC,ROBINSONS CONVENIENCE STORE,1,Scheduled,NAC 1007,11,12
7300107877,8110 BCFG Cavite,SANFORD MARKETING - PILI,1,Scheduled,NBB7640,11,13
7300107906,8110 BCFG Cavite,SANFORD MARKETING - TANAUAN BATANGA,1,Scheduled,NCK 5462,11,13
7300107915,8174 BCFG DC Pinagbuhatan,PUREGOLD PRICE CLUB -  KARUHATAN,1,Scheduled,RJH 904,11,11
7300107918,8420 South Mega DC,WALTERMART SUPERMARKET - MAKILING,1,Scheduled,CAT9322,11,12
7300107926,8070 BCFG Calamba,BICOL EXCL'T SLS & TRADING-LEGASPI,1,Scheduled,BDG 7979,11,4
7300107941,8174 BCFG DC Pinagbuhatan,PUREGOLD PRICE CLUB - CAINTA,1,Scheduled,CXV 991,11,4
7300107943,8420 South Mega DC,WALTERMART SUPERMARKET-IMUS CAVITE,1,Scheduled,CO4132,11,12
7300107945,8020 BCFG MCD,ATHENA PRIME MARKETING,1,Scheduled,ACA4374,11,13
7300107956,8020 BCFG MCD,"DRM INTEGRAL DISTRIBUTORS, INC.",1,Scheduled,AFA6594,11,7
7300107960,8420 South Mega DC,KAREILA MANAGEMENT - CDO,1,Scheduled,ABK 3114,11,10
7300107966,8420 South Mega DC,KAREILA MANAGEMENT - DAVAO,1,Scheduled,WBQ 185,11,10
7300107971,8420 South Mega DC,KAREILA MANAGEMENT - ILOILO,1,Scheduled,ABK 3110,11,10
7300107982,8420 South Mega DC,KAREILA MANAGEMENT - MANDAUE CITY,1,Scheduled,ABK 3110,11,10
7300107985,8050 BCFG Pampanga,8350 ELISCO EXPORT,1,Scheduled,NAT8755,11,6
7300107991,8174 BCFG DC Pinagbuhatan,PUREGOLD PRICE CLUB - DEL MONTE KAN,1,Scheduled,AAT3953,11,11
7300108013,8020 BCFG MCD,"FINEST TRADE MKTNG., INC",1,Scheduled,NDJ7292,11,7
7300108019,8050 BCFG Pampanga,8173 BCFG DC Conso-Marilao,1,Scheduled,NAT8755,11,5
7300108065,8020 BCFG MCD,SIDAMO DISTRIBUTION INC.,1,Scheduled,WIU950,11,14
7300108115,8050 BCFG Pampanga,8330 BCFG GMA MEGA DC,1,Scheduled,ABK1479,11,9
7300108119,8410 North Mega DC,LAOAG SOLID 8 - LAOAG,1,Scheduled,AWA 884,11,11
7300108122,8080 BCFG Canlubang,SALESFORCE ONE MKTG INC. - SAN JOSE,1,Scheduled,CAM5107,11,3
7300108124,8080 BCFG Canlubang,SALESFORCE ONE MKTG INC.-MINDORO,1,Scheduled,NBE6625,11,4
7300108126,8070 BCFG Calamba,LAOAG SOLID 8 - BANTAY,1,Scheduled,WIV290,11,14
7300108128,8080 BCFG Canlubang,SIDAMO DISTRIBUTION INC.,1,Scheduled,ACJ 2751,11,14
7300108129,8080 BCFG Canlubang,STRATEGIC DISTRIBUTORS INC.,1,Scheduled,AAT 4070,11,5
7300108132,8174 BCFG DC Pinagbuhatan,PUREGOLD PRICE CLUB - AMPID SAN MAT,1,Scheduled,RJU 118,11,5
7300108133,8410 North Mega DC,8050 BCFG Pampanga,1,Scheduled,NEG4120,11,10
7300108135,8174 BCFG DC Pinagbuhatan,PUREGOLD PRICE CLUB - SAN JOSE ANTI,1,Scheduled,RLK 572,11,11
7300108136,8050 BCFG Pampanga,STRATEGIC DISTRIBUTORS INC.,1,Scheduled,CAU2678,11,13
7300108137,8030 BCFG Bagong Ilog,8020 BCFG MCD,1,Completed,UVV628,11,15
7300108204,8030 BCFG Bagong Ilog,8174 BCFG DC Pinagbuhatan,1,Completed,NCK6816,11,15
7300108384,8180 BCFG San Pedro 2,8330 BCFG GMA MEGA DC,1,Scheduled,SPC 9054,11,12
7300108390,8020 BCFG MCD,8174 BCFG DC Pinagbuhatan,1,Completed,NDM2895,11,15
7300108401,8070 BCFG Calamba,SALESFORCE ONE MKTG INC. - SAN JOSE,1,Scheduled,APA 5827,11,12
7300108460,8174 BCFG DC Pinagbuhatan,PUREGOLD PRICE CLUB - RIZAL,1,Scheduled,THH 460,11,11
7300108486,8410 North Mega DC,8330 BCFG GMA MEGA DC,1,Scheduled,ABA9039,11,9
7300108525,8070 BCFG Calamba,NEW GENERATION FOOD PRODUCTS TARLAC,1,Scheduled,AAB1199,11,16
7300108528,8070 BCFG Calamba,SALESFORCE ONE MKTG. INC. - PINAMAL,1,Scheduled,NAD 6977,11,4
7300108548,8020 BCFG MCD,8410 North Mega DC,1,Scheduled,AWA2887,11,7
7300108566,8174 BCFG DC Pinagbuhatan,PUREGOLD PRICE CLUB - WEST AVE.,1,Scheduled,AWA 6250,11,11
7300108615,8410 North Mega DC,8420 South Mega DC,1,Scheduled,AUA 9784,11,10
7300108629,8330 BCFG GMA MEGA DC,SANFORD MARKETING - SAVER SQUARE CE,1,Scheduled,AVA 3336,11,13
7300108633,8330 BCFG GMA MEGA DC,SANFORD MARKETING - NAGTAHAN,1,Scheduled,NAU 3061,11,13
7300108634,8174 BCFG DC Pinagbuhatan,ISETANN DEPARTMENT STORE - RECTO,1,Completed,FJG 965,11,11
7300108670,8174 BCFG DC Pinagbuhatan,"FINEST TRADE MKTNG., INC",1,Scheduled,ZPL 487,11,7
7300108695,8050 BCFG Pampanga,ATHENA PRIME MARKETING,1,Scheduled,1801000001,11,16
7300108697,8050 BCFG Pampanga,"KM 6 H/W, F/S & GEN. MDSE. - BAGUIO",1,Scheduled,CAR2704,11,11
7300108698,8050 BCFG Pampanga,"MATRIX MASTER MKTG., INC.-SAN PABLO",1,Scheduled,CAO5736,11,7
7300108755,8174 BCFG DC Pinagbuhatan,PUREGOLD PRICE CLUB - DEPARO,1,Scheduled,WMQ 125,11,11
7300108779,8174 BCFG DC Pinagbuhatan,PUREGOLD PRICE CLUB - MALABON LETRE,1,Scheduled,ABC 7308,11,11
7300108783,8174 BCFG DC Pinagbuhatan,PUREGOLD PRICE CLUB - DOROTEO JOSE,1,Scheduled,RNV 897,11,11
7300108792,8174 BCFG DC Pinagbuhatan,PUREGOLD PRICE CLUB - ARANETA CUBAO,1,Scheduled,UVX389,11,13
7300108802,8174 BCFG DC Pinagbuhatan,EVER COMMONWEALTH CENTER-QUEZON CIT,1,Scheduled,RLC 232,11,11
7300108878,8174 BCFG DC Pinagbuhatan,PUREGOLD PRICE CLUB - BALARA JR,1,Scheduled,NBT 2297,11,11
7300109054,8174 BCFG DC Pinagbuhatan,"EVER PLUS SUPERSTORE, INC.-CAINTA",1,Scheduled,CAZ 2904,11,11
7300109071,8174 BCFG DC Pinagbuhatan,"EVER PLUS SUPERSTORE, INC.-ROCES",1,Scheduled,CXV 991,11,11
7300109072,8174 BCFG DC Pinagbuhatan,"EVER PLUS SUPERSTORE, INC.-11TH AVE",1,Scheduled,ZPL 487,11,11
7300109076,8174 BCFG DC Pinagbuhatan,"EVER PLUS SUPERSTORE, INC.- MARULAS",1,Scheduled,WEX 171,11,11
7300109077,8174 BCFG DC Pinagbuhatan,WALTERMART SUPERMARKET - SUCAT,1,Scheduled,UVV458,11,12
7300109078,8174 BCFG DC Pinagbuhatan,"EVER PLUS SUPERSTORE, INC.-BANGKAL",1,Scheduled,AWA 6082,11,22
7300109080,8174 BCFG DC Pinagbuhatan,WALTERMART SUPERMARKET - PARANAQUE,1,Scheduled,UMN514,11,12
7300109081,8174 BCFG DC Pinagbuhatan,"EVER PLUS SUPERSTORE, INC.-SAN MATE",1,Scheduled,CXV 995,11,11
7300109095,8174 BCFG DC Pinagbuhatan,"EVER PLUS SUPERSTORE,INC.-PENAFRANC",1,Scheduled,CAZ7915,11,11
7300109135,8174 BCFG DC Pinagbuhatan,EVER PLUS SUPERSTORE INC.- VEINTE,1,Scheduled,UIG 909,11,12
7300109166,8174 BCFG DC Pinagbuhatan,EVER PLUS SUPERSTORE INC.-PINAGBUHA,1,Scheduled,XSF 190,11,22
7300109169,8174 BCFG DC Pinagbuhatan,"EVER PLUS SUPERSTORE, INC.-SANTOLAN",1,Scheduled,PJB 754,11,26
7300109171,8174 BCFG DC Pinagbuhatan,"EVER PLUS SUPERSTORE, INC.-TRABAJO",1,Completed,NAZ 1368,11,11
7300109174,8174 BCFG DC Pinagbuhatan,"EVER PLUS SUPERSTORE, INC.-PEARL DR",1,Completed,CAZ 1682,11,22
7300109178,8174 BCFG DC Pinagbuhatan,WALTERMART SUPERMARKET - NORTH EDSA,1,Completed,UMC 871,11,12
7300109192,8174 BCFG DC Pinagbuhatan,EVER PLUS SUPERSTORE INC-4TH ESTATE,1,Completed,CAZ3535,11,11
7300109194,8174 BCFG DC Pinagbuhatan,EVER PLUS SUPERSTORE INC. - MAYPAJO,1,Scheduled,ALA 7407,11,11
7300109198,8174 BCFG DC Pinagbuhatan,"EVER PLUS SUPERSTORE, INC. - RETIRO",1,Completed,ABC 7417,11,11
7300109199,8174 BCFG DC Pinagbuhatan,UM SUPERFOODS CORP. - CAPITOL COMMO,1,Completed,ABC 7388,11,12
7300109250,8174 BCFG DC Pinagbuhatan,EVER PLUS SUPERSTORE INC.-YUSECO,1,Scheduled,NAZ 1308,11,12
7300109357,8020 BCFG MCD,"MATRIX MASTER MKTG., INC. - LOWER L",1,Scheduled,CAY1771,11,18
7300109370,8020 BCFG MCD,BICOL EXCL'T SLS & TRADING-LEGASPI,1,Scheduled,CAT9068,11,4
7300109411,8180 BCFG San Pedro 2,ROBINSONS SUPERMARKET- DC SUCAT,1,Completed,NBN3667,11,12
7300109414,8174 BCFG DC Pinagbuhatan,EVER PLUS SUPERSTORE INC.- BAGUMBAY,1,Scheduled,AWA 7483,11,12
7300109418,8174 BCFG DC Pinagbuhatan,EVER PLUS SUPERSTORE INC.-BAGUMBONG,1,Completed,AAT 1654,11,12
7300109431,8420 South Mega DC,PUREGOLD PRICE CLUB - IMUS II,1,Scheduled,MV503816,11,4
7300109433,8020 BCFG MCD,8420 South Mega DC,1,Scheduled,ADK5723,11,11
7300109436,8174 BCFG DC Pinagbuhatan,KAREILA MANAGEMENT - ALABANG,1,Scheduled,WMS 881,11,10
7300109442,8174 BCFG DC Pinagbuhatan,KAREILA MANAGEMENT - COMMONWEALTH,1,Scheduled,NAD 5355,11,10
7300109444,8420 South Mega DC,BICOL EXCL'T SLS & TRADING-LEGASPI,1,Scheduled,CAA 3267,11,9
7300109446,8174 BCFG DC Pinagbuhatan,KAREILA MANAGEMENT - SHAW,1,Scheduled,NBK 4387,11,10
7300109451,8020 BCFG MCD,8173 BCFG DC Conso-Marilao,1,Scheduled,JAD 2666,11,15
7300109455,8174 BCFG DC Pinagbuhatan,KAREILA MANAGEMENT- CIRCUIT MAKATI,1,Scheduled,NBK 4387,11,10
7300109468,8174 BCFG DC Pinagbuhatan,KAREILA MANAGEMENT- NEW MANILA,1,Scheduled,THH 460,11,10
7300109482,8420 South Mega DC,BICOL EXCL'T SLS & TRADING-SORSOGON,1,Scheduled,THT 6192,11,16
7300109488,8180 BCFG San Pedro 2,BICOL EXCL'T SLS & TRADING-LEGASPI,1,Scheduled,CAM 8990,11,14
7300109494,8174 BCFG DC Pinagbuhatan,MCKENZIE DISTRIBUTION - TAGUIG,1,Scheduled,AAT 4840,11,12
7300109497,8420 South Mega DC,PUREGOLD PRICE CLUB - MAMATID,1,Scheduled,ICL1438,11,4
7300109530,8420 South Mega DC,SALESFORCE ONE MKTG INC. - OCC MIND,1,Scheduled,CAB 3344,11,7
7300109531,8420 South Mega DC,PUREGOLD PRICE CLUB - CALAPAN,1,Scheduled,UVW889,10,31
7300109538,8420 South Mega DC,PUREGOLD PRICE CLUB - ROXAS MINDORO,1,Scheduled,CAE3143,11,5
7300109800,8420 South Mega DC,SALESFORCE ONE MKTG. INC. - PINAMAL,1,Scheduled,CAY 8084,10,21
7300109893,8180 BCFG San Pedro 2,"DRM INTEGRAL DISTRIBUTORS, INC.",1,Scheduled,ACJ 0716,11,12
7300109897,8330 BCFG GMA MEGA DC,SANFORD MARKETING - MEZZA,1,Scheduled,AVA 4336,11,13
7300109906,8330 BCFG GMA MEGA DC,SANFORD MARKETING - BROADWAY GMA,1,Scheduled,NAU 3065,11,13
7300109907,8080 BCFG Canlubang,"MATRIX MASTER MKTG., INC.-SAN PABLO",1,Scheduled,RLE 533,11,14
7300109909,8330 BCFG GMA MEGA DC,SANFORD MARKETING - NEPA Q MART,1,Scheduled,NAU 3060,11,13
7300109921,8330 BCFG GMA MEGA DC,SANFORD MARKETING - BERKLEY,1,Scheduled,ACK 1582,11,13
7300109933,8330 BCFG GMA MEGA DC,SANFORD MARKETING - STA. ANA,1,Scheduled,NBL 6471,11,13
7300109934,8110 BCFG Cavite,DMAYA PLUS ENTERPRISES-ISABELA,1,Scheduled,CBX7740,11,11
7300109935,8330 BCFG GMA MEGA DC,SANFORD MARKETING - REMPSON,1,Scheduled,NAU 3064,11,13
7300109936,8110 BCFG Cavite,MAKOBOBI DISTRIBUTORS - GEN TINIO,1,Scheduled,ACC 8249,11,18
7300109937,8330 BCFG GMA MEGA DC,SANFORD MARKETING - PEDRO GIL,1,Scheduled,NBL 6471,11,13
7300109938,8180 BCFG San Pedro 2,"KM 6 H/W, F/S & GEN. MDSE. - BAGUIO",1,Scheduled,CAE 4554,10,24
7300109941,8330 BCFG GMA MEGA DC,SANFORD MARKETING - KANLAON,1,Scheduled,AVA 4336,11,13
7300109965,8330 BCFG GMA MEGA DC,SANFORD MARKETING - BERMA BACLARAN,1,Scheduled,AVA 3336,11,13
7300109981,8330 BCFG GMA MEGA DC,SANFORD MARKETING - CAINTA,1,Scheduled,NBL 6475,11,13
7300109984,8410 North Mega DC,"FINEST TRADE MKTNG., INC",1,Scheduled,CXT 784,11,14
7300109985,8080 BCFG Canlubang,"MATRIX MASTER MKTG., INC. - LOWER L",1,Completed,NCK 5462,11,11
7300109986,8080 BCFG Canlubang,SALESFORCE ONE MKTG INC. -SAN JOSE2,1,Scheduled,AMA 2076,11,17
7300109989,8410 North Mega DC,OCAMPO'S MARKETING INC.-SAN AGUSTIN,1,Scheduled,CAK 2622,11,11
7300110058,8420 South Mega DC,ULTRA MEGA MULTI SALES - MOLINO 2,1,Scheduled,RGG 157,11,9
7300110073,8420 South Mega DC,UNI-MEC SUPERMART - BINAN,1,Scheduled,NDM8923,11,12
7300110074,8330 BCFG GMA MEGA DC,BGI SALES AND DISTRIBUTION INC- BAT,1,Scheduled,CAL4616,11,18
7300110076,8060 BCFG Tarlac,MAKOBOBI DISTRIBUTORS - GEN TINIO,1,Scheduled,MUT 5166,11,18
7300110078,8330 BCFG GMA MEGA DC,BGI SALES AND DISTRIBUTION INC- ZAM,1,Scheduled,ADK1321,11,18
7300110210,8050 BCFG Pampanga,BGI SALES AND DISTRIBUTION INC- BAT,1,Scheduled,1303000009,11,14
7300110211,8420 South Mega DC,KAREILA MANAGEMENT - NUVALI,1,Scheduled,ABK 3113,11,10
7300110212,8050 BCFG Pampanga,THOCH MARKETING CORPORATION,1,Scheduled,CXU291,11,4
7300110267,8410 North Mega DC,8174 BCFG DC Pinagbuhatan,1,Scheduled,ACJ 9283,11,10
7300110271,8420 South Mega DC,KAREILA MANAGEMENT- LIPA,1,Scheduled,WBQ 185,11,10
7300110275,8110 BCFG Cavite,OCAMPO'S MARKETING INC.-SAN AGUSTIN,1,Scheduled,PSI846,11,5
7300110277,8110 BCFG Cavite,TASK FORCE MARKETING INC.,1,Scheduled,CAM7161,11,16
7300110279,8420 South Mega DC,ULTRA MEGA MULTI SALES BALIWAG (W-S,1,Completed,CAO3013,11,12
7300110282,8420 South Mega DC,SANFORD MARKETING - BINAN,1,Scheduled,CAT9322,11,13
7300110284,8330 BCFG GMA MEGA DC,SANFORD MARKETING - PRIMARK CAINTA,1,Scheduled,NBL 6475,11,13
7300110287,8420 South Mega DC,SANFORD MARKETING - LB CENTRO,1,Scheduled,B7R463,11,13
7300110288,8330 BCFG GMA MEGA DC,SANFORD MARKETING - MAMBUGAN,1,Scheduled,AVA 4337,11,13
7300110316,8330 BCFG GMA MEGA DC,SANFORD MARKETING - IMALL ANTIPOLO,1,Scheduled,NAU 3058,11,13
7300110331,8420 South Mega DC,SANFORD MARKETING - PRIMARK NOVELET,1,Scheduled,CAT4474,11,13
7300110337,8330 BCFG GMA MEGA DC,PHILIPPINE SEVEN - NUEVA ECIJA,1,Scheduled,130101,11,13
7300110348,8420 South Mega DC,SANFORD MARKETING - PRIMARK TAYABAS,1,Completed,AWA4353,11,13
7300110349,8330 BCFG GMA MEGA DC,SANFORD MARKETING-SAN ISIDRO RODRIG,1,Scheduled,NAU 3059,11,13
7300110373,8110 BCFG Cavite,SAVEMORE - M. ALVAREZ LAS PINAS,1,Scheduled,AAT 1595,11,12
7300110376,8420 South Mega DC,SANFORD MARKETING - ROSARIO CAVITE,1,Scheduled,CBJ1600,11,13
7300110385,8180 BCFG San Pedro 2,"FINEST TRADE MKTNG., INC",1,Scheduled,MPK 3395,11,14
7300110410,8330 BCFG GMA MEGA DC,SUPERVALUE - MARIKINA 2,1,Scheduled,NEG 1011,11,13
7300110430,8420 South Mega DC,SANFORD MARKETING - SAN PEDRO,1,Completed,ABK 3114,11,13
7300110433,8420 South Mega DC,SANFORD MARKETING - STA. ROSA,1,Completed,CO4131,11,13
7300110455,8420 South Mega DC,SANFORD MARKETING - TANAUAN BATANGA,1,Completed,MV477093,11,13
7300110490,8420 South Mega DC,SANFORD MARKETING - TIAONG,1,Completed,RKR678,11,13
7300110531,8420 South Mega DC,"SANFORD MARKETING-STA. CRUZ, LAGUNA",1,Completed,MV474216,11,13
7300110533,8330 BCFG GMA MEGA DC,SUPERVALUE - CUBAO,1,Scheduled,ACK 1579,11,13
7300110575,8330 BCFG GMA MEGA DC,SAVEMORE - M PLACE SOUTH TRIANGLE,1,Scheduled,NAU 3065,11,13
7300110578,8100 BCFG San Pedro,8180 BCFG San Pedro 2,1,Scheduled,WIV 483,11,3
7300110650,8173 BCFG DC Conso-Marilao,8070 BCFG Calamba,1,Completed,VDN871,11,11
7300110652,8410 North Mega DC,"KM 6 H/W, F/S & GEN. MDSE. - BAGUIO",1,Completed,AVY 670,11,11
7300110668,8060 BCFG Tarlac,ATHENA PRIME MARKETING,1,Scheduled,CAY 1596,10,28
7300110682,8100 BCFG San Pedro,8173 BCFG DC Conso-Marilao,1,Scheduled,ACO 1246,11,12
7300110685,8420 South Mega DC,SAVEMORE - CABUYAO,1,Scheduled,XPL782,11,13
7300110732,8060 BCFG Tarlac,"MATRIX MASTER MKTG., INC.-SAN PABLO",1,Scheduled,ACO 5742,11,10
7300110738,8330 BCFG GMA MEGA DC,SUPERVALUE - CAINTA DEPOT,1,Scheduled,NEG 1013,11,13
7300110742,8173 BCFG DC Conso-Marilao,BGI SALES AND DISTRIBUTION INC- BAT,1,Scheduled,WKQ 987,11,9
7300110745,8420 South Mega DC,SUPERVALUE - SAN PABLO,1,Scheduled,CBJ1599,11,13
7300110746,8173 BCFG DC Conso-Marilao,"KM 6 H/W, F/S & GEN. MDSE. - BAGUIO",1,Scheduled,TCJ 599,11,14
7300110749,8090 BCFG San Pablo,8330 BCFG GMA MEGA DC,1,Scheduled,AUA 9509,11,14
7300110758,8420 South Mega DC,MAINSTREAM BUSINESS INC. - SM SAN P,1,Scheduled,CBJ1275,11,14
7300110767,8330 BCFG GMA MEGA DC,SANFORD MARKETING - CAINTA DEPOT,1,Scheduled,NAU 3057,11,13
7300110769,8173 BCFG DC Conso-Marilao,"KM 6 H/W, F/S & GEN. MDSE. - LA UNI",1,Scheduled,AWA 887,11,14
7300110774,8330 BCFG GMA MEGA DC,SANFORD MARKETING - MARIKINA,1,Scheduled,AVA 3334,11,13
7300110792,8420 South Mega DC,SOUTH SUPERMARKET - LIPA CITY,1,Scheduled,CAF 7842,11,13
7300110795,8173 BCFG DC Conso-Marilao,BGI SALES AND DISTRIBUTION INC- ZAM,1,Scheduled,WNU 304,11,18
7300110796,8420 South Mega DC,SOUTH SUPERMARKET - LOS BANOS,1,Scheduled,CAY9022,11,13
7300110806,8420 South Mega DC,SOUTH SUPERMARKET - STA. ROSA,1,Scheduled,WBQ 185,11,13
7300110816,8173 BCFG DC Conso-Marilao,TASK FORCE MARKETING INC.,1,Scheduled,RGK 510,11,12
7300110838,8180 BCFG San Pedro 2,TASK FORCE MARKETING INC.,1,Scheduled,CAC4516,11,16
7300110839,8020 BCFG MCD,"KM 6 H/W, F/S & GEN. MDSE. - LA UNI",1,Scheduled,AWA 889,11,7
7300110875,8020 BCFG MCD,DMAYA PLUS ENTERPRISES-BAYOMBONG,1,Scheduled,WAQ 428,11,3
7300110880,8020 BCFG MCD,DMAYA PLUS ENTERPRISES-ISABELA,1,Scheduled,WAQ 428,11,11
7300111034,8070 BCFG Calamba,ATHENA PRIME MARKETING,1,Scheduled,RKG424,11,16
7300111041,8070 BCFG Calamba,BGI SALES AND DISTRIBUTION INC- BAT,1,Scheduled,CAL9640,11,14
7300111052,8070 BCFG Calamba,DMAYA PLUS ENTERPRISES - PANGASINAN,1,Scheduled,ALA 8129,11,12
7300111053,8070 BCFG Calamba,"DRM INTEGRAL DISTRIBUTORS, INC.",1,Scheduled,NBK 4650,11,17
7300111063,8174 BCFG DC Pinagbuhatan,"ALLDAY MARTS, INC. - VISTA GLOBAL S",1,Scheduled,AFA 8008,11,12
7300111069,8174 BCFG DC Pinagbuhatan,"EVER PLUS SUPERSTORE, INC.-VICAS",1,Completed,AAP3259,11,11
7300111072,8070 BCFG Calamba,PEOPLE'S DIST. SYSTEM CORP.- MILAOR,1,Scheduled,CAF3424,6,15
7300111102,8020 BCFG MCD,TASK FORCE MARKETING INC.,1,Scheduled,CAA5903,11,13
7300111103,8410 North Mega DC,SALESFORCE ONE MKTG INC. -SAN JOSE2,1,Scheduled,1303000009,11,11
7300111108,8174 BCFG DC Pinagbuhatan,"MATRIX MASTER MKTG., INC. - LOWER L",1,Completed,CAL4658,11,18
7300111134,8070 BCFG Calamba,PEOPLE'S DIST. SYSTEM CORP.-DAET,1,Scheduled,CAA7035,11,18
7300111144,8090 BCFG San Pablo,TASK FORCE MARKETING INC.,1,Scheduled,RLE 533,11,16
7300111146,8060 BCFG Tarlac,8410 North Mega DC,1,Scheduled,ACK3669,11,10
7300111152,8410 North Mega DC,MAKOBOBI DISTRIBUTORS - GEN TINIO,1,Scheduled,MUT 7160,11,18
7300111173,8050 BCFG Pampanga,"MATRIX MASTER MKTG., INC. - LOWER L",1,Scheduled,CAN6139,11,7
7300111223,8410 North Mega DC,DMAYA PLUS ENTERPRISES-ISABELA,1,Scheduled,BVU155,11,14
7300111224,8410 North Mega DC,KIMBERLIN ENTERPRISES - UGAC,1,Scheduled,ADK 5278,11,12
7300111229,8050 BCFG Pampanga,"KM 6 H/W, F/S & GEN. MDSE. - LA UNI",1,Scheduled,MGE 725,11,11
7300111240,8180 BCFG San Pedro 2,"MATRIX MASTER MKTG., INC. - LOWER L",1,Scheduled,MPK 6574,10,22
7300111250,8330 BCFG GMA MEGA DC,SANFORD MARKETING - ANGONO,1,Scheduled,NCK 7896,11,14
7300111252,8330 BCFG GMA MEGA DC,SANFORD MARKETING - MORONG,1,Scheduled,NAU 3058,11,14
7300111254,8330 BCFG GMA MEGA DC,SANFORD MARKETING - TANAY,1,Scheduled,NAU 3057,11,14
7300111255,8180 BCFG San Pedro 2,SALESFORCE ONE MKTG INC. - SAN JOSE,1,Scheduled,RNJ695,11,16
7300111257,8330 BCFG GMA MEGA DC,SANFORD MARKETING - PASONG TAMO,1,Scheduled,NBL 6471,11,14
7300111258,8330 BCFG GMA MEGA DC,SANFORD MARKETING - AMANG RODRIQUEZ,1,Scheduled,APA 4900,11,14
7300111261,8330 BCFG GMA MEGA DC,SANFORD MARKETING - FRC ZAPOTE,1,Scheduled,ACK 1579,11,14
7300111263,8330 BCFG GMA MEGA DC,SANFORD MARKETING - BLUMENTRITT,1,Scheduled,AVA 4336,11,14
7300111264,8330 BCFG GMA MEGA DC,SANFORD MARKETING - A. AVENUE,1,Scheduled,APA 4899,11,14
7300111329,8180 BCFG San Pedro 2,8174 BCFG DC Pinagbuhatan,1,Scheduled,ABK8200,11,12
7300111340,8330 BCFG GMA MEGA DC,SUPERVALUE - MANILA,1,Scheduled,NAU 3062,11,14
7300111349,8180 BCFG San Pedro 2,HEALTHYFOOD AND SNACKS DIST - IMUS,1,Scheduled,ALA 9170,11,16
7300111359,8330 BCFG GMA MEGA DC,SANFORD MARKETING - CAMARIN,1,Scheduled,WEX 171,11,14
7300111362,8330 BCFG GMA MEGA DC,SANFORD MARKETING - DELA FUENTE,1,Scheduled,AVA 3336,11,14
7300111369,8330 BCFG GMA MEGA DC,SANFORD MARKETING - MARULAS,1,Scheduled,UGB 720,11,14
7300111370,8330 BCFG GMA MEGA DC,SUPERVALUE - BF HOMES,1,Scheduled,AFA 6206,11,14
7300111372,8330 BCFG GMA MEGA DC,SAVEMORE - ANGONO 2,1,Scheduled,APA 4895,11,14
7300111376,8330 BCFG GMA MEGA DC,SAVEMORE - BINANGONAN,1,Scheduled,NBL 6477,11,14
7300111380,8330 BCFG GMA MEGA DC,SAVEMORE GREEN RESIDENCES,1,Scheduled,NBL 6471,11,14
7300111381,8330 BCFG GMA MEGA DC,SANFORD MARKETING - BAGBAGUIN,1,Scheduled,UGB 720,11,14
7300111382,8330 BCFG GMA MEGA DC,SANFORD MARKETING - ONE MALL,1,Scheduled,UGB 720,11,14
7300111384,8330 BCFG GMA MEGA DC,SANFORD MARKETING - SAN ANDRES,1,Scheduled,AVA 3336,11,14
7300111427,8174 BCFG DC Pinagbuhatan,"FISHER RETAIL, INC. - MALABON",1,Scheduled,NBT 2297,11,13
7300111428,8174 BCFG DC Pinagbuhatan,"FISHER RETAIL, INC. - QUEZON AVE.",1,Scheduled,AWA3755,11,13
7300111430,8174 BCFG DC Pinagbuhatan,KAREILA MANAGEMENT - CONGRESSIONAL,1,Scheduled,AWA 7483,11,10
7300111470,8174 BCFG DC Pinagbuhatan,LIANA'S SUPERMARKET - PASIG,1,Completed,THH 460,11,13
7300111471,8174 BCFG DC Pinagbuhatan,PUREGOLD PRICE CLUB - CALOOCAN (SAM,1,Completed,CAH3762,11,12
7300111480,8174 BCFG DC Pinagbuhatan,ULTRA MEGA MULTI SALES ALABANG MUNT,1,Scheduled,NAD 5355,11,13
7300111482,8174 BCFG DC Pinagbuhatan,ULTRA MEGA MULTI SALES ANTIPOLO,1,Scheduled,RLD 738,11,13
7300111490,8174 BCFG DC Pinagbuhatan,"ULTRA MEGA MULTI SALES TONDO, MANIL",1,Completed,ABC 7418,11,13
7300111500,8174 BCFG DC Pinagbuhatan,LAWSON PHILIPPINES - TAGUIG,1,Scheduled,CAZ7915,11,13
7300111653,8174 BCFG DC Pinagbuhatan,SUPER GROCERS INC. - AMORANTO,1,Scheduled,TJQ 712,11,7
7300111668,8174 BCFG DC Pinagbuhatan,SUPER GROCERS INC. - KAMUNING,1,Scheduled,TJQ 712,11,7
7300111692,8174 BCFG DC Pinagbuhatan,SUPER GROCERS INC. - LAKEVIEW,1,Scheduled,TJQ 712,10,21
7300111700,8174 BCFG DC Pinagbuhatan,SUPER GROCERS INC. - MOONWALK,1,Scheduled,TJQ 712,10,21
7300111702,8174 BCFG DC Pinagbuhatan,SUPER GROCERS INC. - PASAY,1,Scheduled,TJQ 712,11,7
7300111703,8174 BCFG DC Pinagbuhatan,SUPER GROCERS INC. - SOLDIER HILLS,1,Scheduled,TJQ 712,10,21
7300111709,8070 BCFG Calamba,"KM 6 H/W, F/S & GEN. MDSE. - BAGUIO",1,Scheduled,NAY4794,11,9
7300111736,8070 BCFG Calamba,"KM 6 H/W, F/S & GEN. MDSE. - LA UNI",1,Scheduled,CAL4555,10,13
7300111757,8070 BCFG Calamba,"MATRIX MASTER MKTG., INC. - LOWER L",1,Completed,CAH 3298,11,18
7300111762,8080 BCFG Canlubang,MAKOBOBI DISTRIBUTORS - GEN TINIO,1,Scheduled,MUT 4787,11,12
7300112283,8420 South Mega DC,ELRY CONSUMER GOODS TRADING,1,Scheduled,CBJ6191,11,10
7300112292,8330 BCFG GMA MEGA DC,8030 BCFG Bagong Ilog,1,Completed,CCO6660,11,11
7300112324,8420 South Mega DC,PEOPLE'S DIST. SYSTEM CORP.- MILAOR,1,Scheduled,CAA4792,11,5
7300112326,8420 South Mega DC,PEOPLE'S DIST. SYSTEM CORP.- PARTID,1,Scheduled,APA 5827,11,10
7300112327,8420 South Mega DC,PEOPLE'S DIST. SYSTEM CORP.-DAET,1,Scheduled,TRE S2121,11,18
7300112360,8070 BCFG Calamba,8410 North Mega DC,1,Scheduled,ACJ 0705,11,14
7300112503,8420 South Mega DC,SANFORD MARKETING - ALAPAN,1,Completed,RJH523,11,14
7300112529,8420 South Mega DC,SANFORD MARKETING - AMADEO CAVITE,1,Scheduled,CO4131,11,14
7300112549,8070 BCFG Calamba,8110 BCFG Cavite,1,Scheduled,SPC 9033,11,11
7300112550,8420 South Mega DC,SANFORD MARKETING - BACOOR,1,Scheduled,AWA4353,11,14
7300112564,8420 South Mega DC,SANFORD MARKETING - BATANGAS DEPOT,1,Scheduled,ACO 2549,11,14
7300112565,8330 BCFG GMA MEGA DC,SUPERVALUE - STA. MESA,1,Scheduled,ABD 1232,11,13
7300112567,8080 BCFG Canlubang,HEALTHYFOOD AND SNACKS DIST - GEN T,1,Scheduled,AC8 327,11,12
7300112571,8420 South Mega DC,"SANFORD MARKETING - KAWIT, CAVITE",1,Scheduled,MV904010,11,14
7300112573,8080 BCFG Canlubang,HEALTHYFOOD AND SNACKS DIST - IMUS,1,Scheduled,RLC 396,11,5
7300112578,8080 BCFG Canlubang,"FINEST TRADE MKTNG., INC",1,Scheduled,RLH 298,10,31
7300112579,8420 South Mega DC,SANFORD MARKETING - LUCENA DEPOT,1,Scheduled,CO4132,11,14
7300112581,8420 South Mega DC,SANFORD MARKETING - MERIDIAN TAGAYT,1,Completed,NCK 5048,11,14
7300112583,8420 South Mega DC,SANFORD MARKETING - PALIPARAN,1,Scheduled,ACL1568,11,14
7300112587,8420 South Mega DC,SANFORD MARKETING - SALITRAN,1,Scheduled,CAR 1618,11,14
7300112597,8420 South Mega DC,SANFORD MARKETING - TAGAYTAY,1,Scheduled,MV474200,11,14
7300112607,8420 South Mega DC,SANFORD MARKETING - XENTRO BATANGAS,1,Scheduled,ACL2001,11,14
7300112610,8420 South Mega DC,SANFORD MARKETING-LINX MARKET BUCAN,1,Scheduled,MV474216,11,14
7300112614,8420 South Mega DC,SAVEMORE - GMA PORTAL,1,Scheduled,AVA5104,11,14
7300112616,8420 South Mega DC,SAVEMORE - NASUGBU,1,Scheduled,B7R463,11,14
7300112620,8420 South Mega DC,SAVEMORE - SALAWAG,1,Scheduled,CAK 4116,11,14
7300112623,8420 South Mega DC,SUPER SM - BATANGAS DEPOT,1,Scheduled,ACO 2549,11,14
7300112625,8420 South Mega DC,SUPERVALUE - BACOOR,1,Scheduled,CAF 7842,11,14
7300112632,8420 South Mega DC,MAINSTREAM BUSINESS INC. - SM BACOO,1,Scheduled,NEG4288,11,14
7300112645,8420 South Mega DC,SUPERVALUE - BATANGAS,1,Scheduled,CXS 569,11,14
7300112648,8080 BCFG Canlubang,"KM 6 H/W, F/S & GEN. MDSE. - LA UNI",1,Scheduled,WIV334,11,9
7300112652,8420 South Mega DC,MADISON SHOPPING PLAZA - SM BATANGA,1,Scheduled,CXS 560,11,14
7300112660,8420 South Mega DC,SUPERVALUE - DASMARINAS,1,Scheduled,MPK 3422,11,14
7300112679,8420 South Mega DC,SUPERVALUE - IMUS,1,Scheduled,NCK 8005,11,14
7300112742,8080 BCFG Canlubang,TASK FORCE MARKETING INC.,1,Scheduled,CAF4111,11,5
7300112750,8110 BCFG Cavite,"DRM INTEGRAL DISTRIBUTORS, INC.",1,Scheduled,CAF6562,11,17
7300112752,8110 BCFG Cavite,"FINEST TRADE MKTNG., INC",1,Scheduled,RLG 415,10,31
7300112766,8110 BCFG Cavite,OCAMPO'S MARKETING INC.-SAN MIGUEL,1,Scheduled,CAL4552,11,11
7300112782,8330 BCFG GMA MEGA DC,SANFORD MARKETING - DEPOT ARANETA,1,Scheduled,NAU 3064,11,14
7300112793,8050 BCFG Pampanga,DMAYA PLUS ENTERPRISES-BAYOMBONG,1,Scheduled,BVU245,11,12
7300112797,8050 BCFG Pampanga,LAOAG SOLID 8 - CANDON,1,Scheduled,CAR2704,11,7
7300112803,8050 BCFG Pampanga,SALESFORCE ONE MKTG INC. -SAN JOSE2,1,Scheduled,1801000000,11,11
7300112845,8050 BCFG Pampanga,MAKOBOBI  DISTRIBUTORS - BALER,1,Scheduled,MUT 7204,11,14
7300112846,8330 BCFG GMA MEGA DC,SUPERVALUE - MAKATI,1,Scheduled,NBL 6471,11,14
7300112859,8174 BCFG DC Pinagbuhatan,SOUTH SUPERMARKET - VALENZUELA,1,Scheduled,RLC 232,11,13
7300112860,8174 BCFG DC Pinagbuhatan,SOUTH SUPERMARKET - PASIG,1,Scheduled,UVV556,11,13
7300112870,8174 BCFG DC Pinagbuhatan,ULTRAMEGA MULTI SALES - BAGONG SILA,1,Completed,UGB 720,11,13
7300112899,8330 BCFG GMA MEGA DC,8020 BCFG MCD,1,Completed,ABB5231,11,12
7300112900,8174 BCFG DC Pinagbuhatan,CEBU PACIFIC AIR,1,Completed,ABD 1149,11,12
7300112934,8330 BCFG GMA MEGA DC,8070 BCFG Calamba,1,Scheduled,CCO6660,11,13
7300113240,8420 South Mega DC,8160 BCFG Binan,1,Completed,JAD 6999,11,12
7300113263,8420 South Mega DC,SUPERVALUE - LUCENA DEPOT,1,Scheduled,CO4150,11,14
7300113313,8174 BCFG DC Pinagbuhatan,PUREGOLD PRICE CLUB - PANDACAN JR,1,Scheduled,AAT3953,11,14
7300113389,8420 South Mega DC,SUPERVALUE - BATANGAS DEPOT,1,Scheduled,ACO 2549,11,14
7300113403,8174 BCFG DC Pinagbuhatan,PUREGOLD PRICE CLUB - VAL(1 SANTIAG,1,Completed,ZCY 905,11,14
7300113413,8174 BCFG DC Pinagbuhatan,PUREGOLD PRICE CLUB - ZABARTE JR,1,Scheduled,ABC 7388,11,14
7300113417,8174 BCFG DC Pinagbuhatan,PUREGOLD PRICE CLUB - BUSTILLOS JR.,1,Scheduled,RLD 738,11,14
7300113421,8174 BCFG DC Pinagbuhatan,10Q - SHAW,1,Completed,AAT 1654,11,14
7300113504,8174 BCFG DC Pinagbuhatan,PUREGOLD PRICE CLUB - ORTIGAS EXT P,1,Scheduled,DUMMY 4W,11,12
7300113753,8174 BCFG DC Pinagbuhatan,ALABANG SUPERMARKET,1,Scheduled,ABC 7414,11,14
7300114280,8020 BCFG MCD,"KM 6 H/W, F/S & GEN. MDSE. - BAGUIO",1,Scheduled,NBE6630,10,28
7300114340,8050 BCFG Pampanga,KIMBERLIN ENTERPRISES - UGAC,1,Scheduled,BVW 313,11,14
7300114370,8070 BCFG Calamba,ROBINSONS SUPERMARKET- DC SUCAT,1,Completed,CAJ7426,11,14
7300114371,8174 BCFG DC Pinagbuhatan,PUREGOLD PRICE CLUB - DELA PAZ,1,Scheduled,CXV 991,11,14
7300114375,8174 BCFG DC Pinagbuhatan,PUREGOLD PRICE CLUB - MAYPAJO,1,Scheduled,NAW5503,11,14
7300114390,8420 South Mega DC,PUREGOLD PRICE CLUB - BALIBAGO STA.,1,Scheduled,ABK 3111,11,14
7300114391,8174 BCFG DC Pinagbuhatan,ULTRA MEGA MULTI SALES ALABANG (W-S,1,Scheduled,CAZ3535,11,13
7300114395,8420 South Mega DC,THE METRO GAISANO-METRO MARKET! MAR,1,Scheduled,WPH 943,11,20
7300114397,8420 South Mega DC,PUREGOLD PRICE CLUB - CALAMBA,1,Scheduled,CAQ 7736,11,14
7300114398,8110 BCFG Cavite,HEALTHYFOOD AND SNACKS DIST - IMUS,1,Scheduled,CAN 5949,11,16
7300114401,8110 BCFG Cavite,"KM 6 H/W, F/S & GEN. MDSE. - BAGUIO",1,Scheduled,NBQ7983,11,11
7300114404,8110 BCFG Cavite,NEW GENERATION FOOD PRODUCTS TARLAC,1,Scheduled,CAO4790,11,16
7300114405,8060 BCFG Tarlac,LAOAG SOLID 8 - LAOAG,1,Scheduled,AWA 876,11,5
7300114408,8060 BCFG Tarlac,LAOAG SOLID 8 - CANDON,1,Scheduled,AWA 876,11,6
7300114441,8174 BCFG DC Pinagbuhatan,ALLDAY RETAIL CONCEPTS INC.,1,Scheduled,RMH 688,11,14
7300114453,8050 BCFG Pampanga,PHILIPPINE SEVEN - PAMPANGA,1,Scheduled,AVL 847,11,12
7300114464,8110 BCFG Cavite,8410 North Mega DC,1,Completed,RHT 700,11,14
7300114507,8060 BCFG Tarlac,HEALTHYFOOD AND SNACKS DIST - IMUS,1,Scheduled,NAY4843,11,18
7300114520,8070 BCFG Calamba,"MATRIX MASTER MKTG., INC.-INFANTA",1,Scheduled,CAI4313,10,29
7300114522,8420 South Mega DC,ROBINSONS SUPERMARKET - TUNASAN,1,Scheduled,RJE 292,11,15
7300114527,8060 BCFG Tarlac,"KM 6 H/W, F/S & GEN. MDSE. - BAGUIO",1,Scheduled,CAL 2727,11,19
7300114542,8410 North Mega DC,LAOAG SOLID 8 - BANTAY,1,Scheduled,AVL 847,11,14
7300114552,8410 North Mega DC,KIMBERLIN ENTERPRISES - CAUAYAN,1,Scheduled,BVW 311,11,11
7300114612,8050 BCFG Pampanga,SUY SING COMMERCIAL-MEYCAUAYAN BUL.,1,Completed,AAT 4719,11,18
7300114642,8174 BCFG DC Pinagbuhatan,"PRIME MKTG. AND DIST., INC.",1,Scheduled,AWA 6082,11,5
7300114662,8174 BCFG DC Pinagbuhatan,PUREGOLD PRICE CLUB - JR PASIG,1,Scheduled,TGH 907,11,14
7300114673,8410 North Mega DC,ATHENA PRIME MARKETING,1,Scheduled,CXT 843,11,18
7300114688,8174 BCFG DC Pinagbuhatan,PUREGOLD PRICE CLUB - SUCAT,1,Scheduled,XSF 190,11,14
7300114734,8174 BCFG DC Pinagbuhatan,8070 BCFG Calamba,1,Arrived at Drop off,JAG 7990,11,13
7300114738,8174 BCFG DC Pinagbuhatan,8110 BCFG Cavite,1,Scheduled,AFA8081,11,13
7300114759,8174 BCFG DC Pinagbuhatan,LIANA'S SUPERMARKET - LEVERIZA,1,Scheduled,PNP 905,11,10
7300114858,8420 South Mega DC,SUPER SM - DAET,1,Scheduled,CAR 1799,11,16
7300115054,8050 BCFG Pampanga,ULTRA MEGA MULTI SALES BALIWAG (W-S,1,Scheduled,CXT 833,11,13
7300115064,8174 BCFG DC Pinagbuhatan,UNI-MEC SUPERMART - MAKATI,1,Scheduled,RLW 535,11,14
7300115165,8174 BCFG DC Pinagbuhatan,PUREGOLD PRICE CLUB - OSMENA HIGHWA,1,Scheduled,NCW6147,11,5
7300115279,8180 BCFG San Pedro 2,STRATEGIC DISTRIBUTORS INC.,1,Scheduled,UVM698,11,7
7300115296,8410 North Mega DC,DMAYA PLUS ENTERPRISES-BAYOMBONG,1,Scheduled,BVU228,11,16
7300115351,8180 BCFG San Pedro 2,THOCH MARKETING CORPORATION,1,Scheduled,AFA 8276,10,29
7300115371,8410 North Mega DC,OCAMPO'S MARKETING INC.-SAN MIGUEL,1,Scheduled,CXT 820,11,21
7300115559,8070 BCFG Calamba,ULTRA MEGA MULTI SALES ALABANG (W-S,1,Completed,CAP 7471,11,18
7300115636,8420 South Mega DC,PUREGOLD PRICE CLUB - TANZA,1,Completed,UYE 689,11,14
7300115656,8160 BCFG Binan,8173 BCFG DC Conso-Marilao,1,Scheduled,GTY0958,11,19
7300115694,8174 BCFG DC Pinagbuhatan,PUREGOLD PRICE CLUB - QUEZON AVE.,1,Scheduled,CXV 995,11,14
7300115695,8090 BCFG San Pablo,MAKOBOBI DISTRIBUTORS - GEN TINIO,1,Scheduled,MUT 7462,11,13
7300115700,8174 BCFG DC Pinagbuhatan,PUREGOLD PRICE CLUB - AVENIDA RAON,1,Completed,NAZ 1308,11,16
7300115702,8174 BCFG DC Pinagbuhatan,PUREGOLD PRICE CLUB - BLUEMENTRITT,1,Scheduled,TLK 864,11,16
7300115749,8173 BCFG DC Conso-Marilao,DMAYA PLUS ENTERPRISES - PANGASINAN,1,Scheduled,BVU 188,11,11
7300115752,8173 BCFG DC Conso-Marilao,KIMBERLIN ENTERPRISES - CAUAYAN,1,Scheduled,CAD1735,11,18
7300115755,8173 BCFG DC Conso-Marilao,KIMBERLIN ENTERPRISES - UGAC,1,Scheduled,BVW 312,11,18
7300115761,8173 BCFG DC Conso-Marilao,MAKOBOBI DISTRIBUTORS - GEN TINIO,1,Scheduled,MUT 5273,11,18
7300115764,8173 BCFG DC Conso-Marilao,LAOAG SOLID 8 - CANDON,1,Scheduled,AAT2621,11,11
7300115807,8110 BCFG Cavite,STRATEGIC DISTRIBUTORS INC.,1,Scheduled,UWB405,11,13
7300115833,8174 BCFG DC Pinagbuhatan,PUREGOLD PRICE CLUB - EXTRA TANDANG,1,Scheduled,WMQ 125,11,14
7300115861,8174 BCFG DC Pinagbuhatan,PUREGOLD PRICE CLUB - MINDANAO AVEN,1,Scheduled,WEA 621,11,14
7300115882,8174 BCFG DC Pinagbuhatan,PUREGOLD PRICE CLUB - CAINTA JUNCTI,1,Scheduled,RMH 109,11,14
7300115883,8174 BCFG DC Pinagbuhatan,PUREGOLD PRICE CLUB-JR. CONCEPCION,1,Scheduled,UYB711,11,14
7300115888,8410 North Mega DC,LAOAG SOLID 8 - CANDON,1,Scheduled,AVL 847,11,14
7300115890,8174 BCFG DC Pinagbuhatan,PUREGOLD PRICE CLUB - TANDANG SORA,1,Scheduled,NAZ 1369,11,14
7300115896,8174 BCFG DC Pinagbuhatan,PUREGOLD PRICE CLUB - VALENZUELA,1,Completed,NAA 7473,11,14
7300115901,8174 BCFG DC Pinagbuhatan,PUREGOLD PRICE CLUB - STA. MESA,1,Completed,UVX429,11,16
7300115912,8174 BCFG DC Pinagbuhatan,8030 BCFG Bagong Ilog,1,Completed,ABK8200,11,12
7300115914,8330 BCFG GMA MEGA DC,8174 BCFG DC Pinagbuhatan,1,Scheduled,NCK6349,11,13
7300116383,8174 BCFG DC Pinagbuhatan,"EVER PLUS SUPERSTORE, INC - POLO",1,Scheduled,NAP 8010,11,24
7300116437,8174 BCFG DC Pinagbuhatan,"EVER PLUS SUPERSTORE, INC.-10TH AVE",1,Scheduled,NCK 5294,11,26
7300116456,8174 BCFG DC Pinagbuhatan,"EVER PLUS SUPERSTORE, INC.-GEN T DE",1,Scheduled,ABJ 9335,11,15
7300116591,8174 BCFG DC Pinagbuhatan,"EVER PLUS SUPERSTORE, INC.-PANDACAN",1,Scheduled,RLD 738,11,15
7300116740,8174 BCFG DC Pinagbuhatan,"EVER PLUS SUPERSTORE, INC.-MASANGKA",1,Scheduled,CXV 995,11,24
7300116963,8420 South Mega DC,8110 BCFG Cavite,1,Scheduled,RHW185,11,14
7300116976,8020 BCFG MCD,SALESFORCE ONE MKTG INC. -SAN JOSE2,1,Scheduled,WKQ858,10,28
7300116982,8420 South Mega DC,8050 BCFG Pampanga,1,Completed,ABK6653,11,14
7300116983,8420 South Mega DC,8060 BCFG Tarlac,1,Arrived at Drop off,NCK1845,11,14
7300117163,8090 BCFG San Pablo,ROBINSONS SUPERMARKET- DC SUCAT,1,Scheduled,RKR 127,11,16
7300117356,8420 South Mega DC,PUREGOLD PRICE CLUB - LEGASPI,1,Scheduled,CAE 2193,11,17
7300117488,8050 BCFG Pampanga,BGI SALES AND DISTRIBUTION INC- ZAM,1,Scheduled,CT1293,11,18
7300117581,8080 BCFG Canlubang,DMAYA PLUS ENTERPRISES - PANGASINAN,1,Scheduled,BVU 227,11,20
7300117608,8420 South Mega DC,PUREGOLD PRICE CLUB - NAGA,1,Scheduled,CAJ 5730,11,16
7300117617,8174 BCFG DC Pinagbuhatan,"PUREGOLD PRICE CLUB - SAN JOAQUIN,",1,Scheduled,NAH 8567,11,15
7300117625,8420 South Mega DC,WALTERMART SUPERMARKET-TRECE  MARTI,1,Scheduled,CAI2400,11,14
7300117636,8174 BCFG DC Pinagbuhatan,PUREGOLD PRICE CLUB - AGORA,1,Scheduled,THH 460,11,15
7300117725,8020 BCFG MCD,TRU-SERV MARKETING CORP.,1,Scheduled,NDJ7292,11,7
7300117771,8174 BCFG DC Pinagbuhatan,PUREGOLD PRICE CLUB - LAS PINAS (RE,1,Scheduled,AWA 6250,11,16
7300117781,8174 BCFG DC Pinagbuhatan,PUREGOLD PRICE CLUB - PARANAQUE,1,Scheduled,CAZ 1682,11,15
7300117795,8174 BCFG DC Pinagbuhatan,PUREGOLD PRICE CLUB - TAGUIG,1,Scheduled,AWA 6082,11,15
7300117810,8110 BCFG Cavite,SANFORD MARKETING - ASINAN,1,Scheduled,CAZ2516,11,17
7300117951,8174 BCFG DC Pinagbuhatan,PUREGOLD PRICE CLUB - KALENTONG,1,Scheduled,AVA 4337,11,15
7300118044,8330 BCFG GMA MEGA DC,ATHENA PRIME MARKETING,1,Scheduled,CCO9446,11,16
7300118084,8180 BCFG San Pedro 2,OCAMPO'S MARKETING INC.-SAN MIGUEL,1,Accepted,RNB205,11,21
7300118217,8174 BCFG DC Pinagbuhatan,PUREGOLD PRICE CLUB - QI CENTRAL,1,Scheduled,UVX389,11,15
7300118287,8174 BCFG DC Pinagbuhatan,PUREGOLD PRICE CLUB - TAYUMAN,1,Scheduled,NAC 1046,11,15
7300118428,8174 BCFG DC Pinagbuhatan,PUREGOLD PRICE CLUB - LIBERTAD,1,Scheduled,NAZ 1368,11,15
7300118597,8174 BCFG DC Pinagbuhatan,PUREGOLD PRICE CLUB - MAKATI,1,Scheduled,AFA 8008,11,15
7300118716,8174 BCFG DC Pinagbuhatan,PUREGOLD PRICE CLUB - MALINTA,1,Scheduled,NCK 4839,11,15
7300118840,8020 BCFG MCD,PHILIPPINE SEVEN - LA UNION,1,Scheduled,CAO3013,11,18
7300118862,8070 BCFG Calamba,ULTRA MEGA MULTI SALES - MOLINO 2,1,Accepted,ALA 9170,11,16
7300121021,8174 BCFG DC Pinagbuhatan,PUREGOLD PRICE CLUB INC. - KASIGLAH,1,Accepted,AWA 6250,11,14
7300121670,8080 BCFG Canlubang,BGI SALES AND DISTRIBUTION INC- BAT,1,Accepted,CAM5107,11,14
7300121817,8174 BCFG DC Pinagbuhatan,"ALLDAY MARTS, INC. - EVIA",1,Scheduled,RLK 572,11,16
7300121959,8174 BCFG DC Pinagbuhatan,PUREGOLD PRICE CLUB - NOVA SUSANO,1,Scheduled,NAA 7473,11,17
7300121995,8070 BCFG Calamba,BICOL EXCL'T SLS & TRADING-SORSOGON,1,Scheduled,CAL7887,11,16
7300124154,8050 BCFG Pampanga,ROBINSONS SUPERMARKET- DC SUCAT,1,Scheduled,AWA3420,11,18
7300125468,8160 BCFG Binan,8410 North Mega DC,1,Scheduled,RND193,11,19
7300126031,8060 BCFG Tarlac,ROBINSONS SUPERMARKET- DC SUCAT,1,Scheduled,CAA3539,11,19
7300126408,8060 BCFG Tarlac,"DRM INTEGRAL DISTRIBUTORS, INC.",1,Scheduled,CAF 9271,11,10
7300126853,8060 BCFG Tarlac,BGI SALES AND DISTRIBUTION INC- ZAM,1,Accepted,CCN 2013,11,25
7300127381,8174 BCFG DC Pinagbuhatan,ULTRA MEGA MULTI SALES - GAGALANGIN,1,Completed,ABC 7414,11,20
